num,phase,system,ligand,rep,DeltaE_mean,DeltaE_std,contacts_mean,hbonds_mean,outlier_flag
1,Phase6,WT,Febuxostat,1,-7.5,8.9,49,0.9,OUTLIER
2,Phase6,WT,Febuxostat,2,-25.3,5.1,161,3.0,OK
3,Phase6,WT,Febuxostat,3,-23.8,5.9,154,2.4,OK
4,Phase6,WT,Natural,1,-28.9,7.1,213,2.9,OK
5,Phase6,WT,Natural,2,-24.0,4.1,184,2.0,OK
6,Phase6,WT,Natural,3,-23.7,4.6,187,1.3,OK
7,Phase6,WT,Budesonide,1,-35.7,6.6,261,2.6,OK
8,Phase6,WT,Budesonide,2,-28.5,6.1,206,1.3,OK
9,Phase6,WT,Budesonide,3,-9.0,5.3,62,1.3,OUTLIER
10,Phase6,WT,Ursodiol,1,-23.2,5.6,181,1.1,OK
11,Phase6,WT,Ursodiol,2,-22.3,5.8,174,1.2,OK
12,Phase6,WT,Ursodiol,3,-29.3,5.3,230,1.7,OK
13,Phase6,WT,Decoy,1,0.0,0.2,0,0.0,VALIDATED
14,PhaseA1,R702W,Febuxostat,1,-26.7,4.2,178,2.4,OK
15,PhaseA1,R702W,Febuxostat,2,-22.0,4.2,158,0.9,OK
16,PhaseA1,R702W,Febuxostat,3,-27.0,4.8,176,2.8,OK
17,PhaseA1,R702W,Natural,1,-33.1,6.7,239,3.2,OK
18,PhaseA1,R702W,Natural,2,-28.9,9.1,214,2.6,OK
19,PhaseA1,R702W,Natural,3,-26.1,4.5,200,1.9,OK
20,PhaseA1,G908R,Febuxostat,1,-14.7,7.0,102,1.0,OUTLIER
21,PhaseA1,G908R,Febuxostat,2,-26.3,6.3,175,2.5,OK
22,PhaseA1,G908R,Febuxostat,3,-28.7,4.2,187,2.9,OK
23,PhaseA1,G908R,Natural,1,-18.7,2.8,147,1.0,OUTLIER
24,PhaseA1,G908R,Natural,2,-24.4,3.8,191,1.4,OK
25,PhaseA1,G908R,Natural,3,-30.2,4.4,228,2.4,OK
