num,system,ligand,rep,n_frames,min_contacts,median_contacts,max_contacts,pct_gte_50,pct_gte_100,pct_gte_75,pct_gte_125
1,WT,Febuxostat,1,50,0,60,460,52.0,44.0,46.0,42.0
2,WT,Febuxostat,2,50,269,438,530,100.0,100.0,100.0,100.0
3,WT,Febuxostat,3,50,230,419,538,100.0,100.0,100.0,100.0
4,WT,Natural,1,50,408,603,785,100.0,100.0,100.0,100.0
5,WT,Natural,2,50,367,543,674,100.0,100.0,100.0,100.0
6,WT,Natural,3,50,358,536,662,100.0,100.0,100.0,100.0
7,WT,Budesonide,1,50,505,671,836,100.0,100.0,100.0,100.0
8,WT,Budesonide,2,50,273,571,719,100.0,100.0,100.0,100.0
9,WT,Budesonide,3,50,57,170,352,100.0,82.0,94.0,74.0
10,WT,Ursodiol,1,50,289,521,633,100.0,100.0,100.0,100.0
11,WT,Ursodiol,2,50,285,486,707,100.0,100.0,100.0,100.0
12,WT,Ursodiol,3,50,391,659,833,100.0,100.0,100.0,100.0
13,WT,Decoy,1,50,0,0,33,0.0,0.0,0.0,0.0
14,R702W,Febuxostat,1,50,375,478,579,100.0,100.0,100.0,100.0
15,R702W,Febuxostat,2,50,316,434,543,100.0,100.0,100.0,100.0
16,R702W,Febuxostat,3,50,337,464,566,100.0,100.0,100.0,100.0
17,R702W,Natural,1,50,440,634,834,100.0,100.0,100.0,100.0
18,R702W,Natural,2,50,249,577,864,100.0,100.0,100.0,100.0
19,R702W,Natural,3,50,385,546,818,100.0,100.0,100.0,100.0
20,G908R,Febuxostat,1,50,51,281,529,100.0,90.0,96.0,84.0
21,G908R,Febuxostat,2,50,320,459,742,100.0,100.0,100.0,100.0
22,G908R,Febuxostat,3,50,377,498,594,100.0,100.0,100.0,100.0
23,G908R,Natural,1,50,302,417,506,100.0,100.0,100.0,100.0
24,G908R,Natural,2,50,359,528,645,100.0,100.0,100.0,100.0
25,G908R,Natural,3,50,446,633,753,100.0,100.0,100.0,100.0
