num,system,ligand,rep,all_mean,all_std,all_n,bound_mean,bound_std,bound_n,pct_bound,bound_contacts_mean
1,WT,Febuxostat,1,-7.526000000000006,8.864554359921332,50,-18.476470588235316,4.9082798486501105,17,34.0,121.3529411764706
2,WT,Febuxostat,2,-25.340000000000078,5.109872796851247,50,-25.340000000000078,5.109872796851247,50,100.0,160.84
3,WT,Febuxostat,3,-23.780000000000058,5.9393265611515735,50,-23.780000000000058,5.9393265611515735,50,100.0,153.96
4,WT,Natural,1,-28.93200000000013,7.087776520179025,50,-28.93200000000013,7.087776520179025,50,100.0,212.8
5,WT,Natural,2,-24.026000000000085,4.069683525779431,50,-24.026000000000085,4.069683525779431,50,100.0,184.06
6,WT,Natural,3,-23.746000000000084,4.565970214532789,50,-23.746000000000084,4.565970214532789,50,100.0,187.06
7,WT,Budesonide,1,-35.702000000000226,6.559588096824435,50,-35.702000000000226,6.559588096824435,50,100.0,260.66
8,WT,Budesonide,2,-28.520000000000156,6.0976060876380735,50,-28.520000000000156,6.0976060876380735,50,100.0,205.72
9,WT,Budesonide,3,-9.043999999999997,5.3036651478011025,50,-15.65714285714286,4.53993616785121,14,28.0,96.85714285714286
10,WT,Ursodiol,1,-23.18400000000008,5.57072203578682,50,-23.18400000000008,5.57072203578682,50,100.0,181.44
11,WT,Ursodiol,2,-22.344000000000065,5.787198285872092,50,-22.344000000000065,5.787198285872092,50,100.0,173.68
12,WT,Ursodiol,3,-29.312000000000168,5.309939359352496,50,-29.312000000000168,5.309939359352496,50,100.0,229.56
13,WT,Decoy,1,-0.022,0.15399999999999997,50,,,0,0.0,0.0
14,R702W,Febuxostat,1,-26.67600000000009,4.178064623722358,50,-26.67600000000009,4.178064623722358,50,100.0,177.88
15,R702W,Febuxostat,2,-21.970000000000063,4.226452413076531,50,-21.970000000000063,4.226452413076531,50,100.0,158.18
16,R702W,Febuxostat,3,-26.97000000000009,4.814571632035435,50,-26.97000000000009,4.814571632035435,50,100.0,176.38
17,R702W,Natural,1,-33.148000000000195,6.694153867368217,50,-33.148000000000195,6.694153867368217,50,100.0,238.92
18,R702W,Natural,2,-28.884000000000142,9.080118060906566,50,-29.277551020408307,8.739968367432743,49,98.0,216.48979591836735
19,R702W,Natural,3,-26.078000000000117,4.479209305223475,50,-26.078000000000117,4.479209305223475,50,100.0,200.1
20,G908R,Febuxostat,1,-14.71800000000001,6.951480130159364,50,-17.77297297297299,5.126910910651412,37,74.0,122.8108108108108
21,G908R,Febuxostat,2,-26.33800000000009,6.250564454511342,50,-26.33800000000009,6.250564454511342,50,100.0,174.7
22,G908R,Febuxostat,3,-28.73000000000011,4.217214720642078,50,-28.73000000000011,4.217214720642078,50,100.0,187.1
23,G908R,Natural,1,-18.66400000000001,2.8069029195895205,50,-18.66400000000001,2.8069029195895205,50,100.0,147.04
24,G908R,Natural,2,-24.39400000000009,3.82049263839108,50,-24.39400000000009,3.82049263839108,50,100.0,190.62
25,G908R,Natural,3,-30.230000000000178,4.4314444597671026,50,-30.230000000000178,4.4314444597671026,50,100.0,227.5
