system,label,group,mean_rmsf,lrr_rmsf,max_rmsf
WT_Decoy,WT (Decoy/Unbound),WT_apo,2.301008462905884,2.6799464225769043,6.413832187652588
WT_Febuxostat_rep1,WT + Feb rep1,WT_Feb,2.124894380569458,1.9491045475006104,8.110262870788574
WT_Febuxostat_rep2,WT + Feb rep2,WT_Feb,2.715672016143799,2.5485565662384033,6.862645149230957
WT_Febuxostat_rep3,WT + Feb rep3,WT_Feb,2.508704662322998,2.1994006633758545,9.828567504882812
R702W_Febuxostat_rep1,R702W + Feb rep1,R702W_Feb,2.8979268074035645,3.206125259399414,10.094572067260742
R702W_Febuxostat_rep2,R702W + Feb rep2,R702W_Feb,2.46405029296875,2.6315970420837402,7.757447719573975
R702W_Febuxostat_rep3,R702W + Feb rep3,R702W_Feb,3.0378472805023193,3.381387233734131,9.8587646484375
G908R_Febuxostat_rep1,G908R + Feb rep1,G908R_Feb,3.332590341567993,3.6189157962799072,7.7674946784973145
G908R_Febuxostat_rep2,G908R + Feb rep2,G908R_Feb,2.1135287284851074,2.1763381958007812,8.339076042175293
G908R_Febuxostat_rep3,G908R + Feb rep3,G908R_Feb,2.9805541038513184,2.962083101272583,9.728973388671875
