mw,logp,tpsa,hbd,hba,rotatable_bonds,aromatic_rings,fraction_csp3,num_heavy_atoms,num_rings,qed,lipinski_violations,veber_violations,pains_alerts,permeability_score,pgp_risk,compound_id,smiles,cnn_affinity,type,drug_name,mw_bin,label,ml_score_corrected,composite_corrected,rank_corrected,NOD2_Scout_drugability,cid,name,ml_score,nod2_scout_score,mol_valid,MW,LogP_Crippen,TPSA,HBD,HBA,RotBonds,AromaticRings,FractionCsp3,NumHeavyAtoms,MolarRefractivity,NumRings,QED_score,PAINS_alerts,Brenk_alerts,Lipinski_pass,Veber_pass,Ghose_pass,Egan_pass,LogS_ESOL,Solubility_class,LE,LE_norm,GI_absorb,bioavail,BBB,Vd_class,cyp_risk,hERG_inhib,AMES,hepatotox,carcinogenic,LD50_class,drug_interaction_flag,gi_toxicity_flag
409.57400000000024,4.3436800000000035,78.91,1.0,5.0,3.0,1.0,0.8,30.0,5.0,0.805143916086387,0,0.0,0,0.4363571428571429,0,fda_2101,C[C@@]1(O)CC[C@H]2[C@H](CC[C@@H]3[C@@H]2CC[C@]2(C)[C@@H](C(=O)Cn4cc(C#N)cn4)CC[C@@H]32)C1,6.61865616,FDA,ZURANOLONE,L,1.0,0.99470514,0.8586955509549702,1.0,0.8586955509549702,,,,,True,409.57400000000024,4.3436800000000035,78.91,1,5,3,1,0.8,30,113.17280000000008,5,0.805143916086387,0,0,1,1,1,1,-5.065877200000003,poor,0.220621872,0.45409577345981633,1,1.0,0,high,1,,,,,,0,0
376.4680000000002,2.7808000000000015,74.6,2.0,4.0,2.0,0.0,0.7272727272727273,27.0,4.0,0.7771649436279087,0,0.0,0,0.4671428571428572,0,fda_462,C[C@@H]1C[C@H]2[C@@H]3CCC4=CC(=O)C=C[C@]4(C)[C@@]3(F)[C@@H](O)C[C@]2(C)[C@H]1C(=O)CO,6.27066278,FDA,DESOXIMETASONE,M,1.0,0.99854255,0.8359011609431783,2.0,0.8359011609431783,,,,,True,376.4680000000002,2.7808000000000015,74.6,2,4,2,0,0.7272727272727273,27,98.48460000000004,4,0.7771649436279087,0,0,1,1,1,1,-3.7940056000000024,moderate,0.23224676962962965,0.60608703147375,1,1.0,1,medium,0,,,,,,0,0
344.49500000000006,3.9403000000000032,54.370000000000005,1.0,3.0,1.0,0.0,0.8181818181818182,25.0,4.0,0.7837023582235211,0,0.0,0,0.6116428571428572,0,fda_378,CC(=O)[C@H]1CC[C@H]2[C@@H]3C[C@H](C)C4=CC(=O)CC[C@]4(C)[C@H]3[C@@H](O)C[C@]12C,5.99710417,FDA,MEDRYSONE,M,1.0,0.9990682,0.834971399595859,3.0,0.834971399595859,,,,,True,344.49500000000006,3.9403000000000032,54.370000000000005,1,3,1,0,0.8181818181818182,25,96.81780000000005,4,0.7837023582235211,0,0,1,1,1,1,-4.392258000000003,poor,0.2398841668,0.7059431885652278,1,1.0,0,high,0,,,,,,0,0
312.4530000000001,3.882600000000003,37.3,1.0,2.0,1.0,0.0,0.7619047619047619,23.0,4.0,0.7460501574652694,0,0.0,0,0.7335714285714285,0,fda_380,C#C[C@@]1(O)CC[C@H]2[C@@H]3CCC4=CC(=O)CC[C@@H]4[C@H]3CC[C@@]21CC,5.83266211,FDA,NORGESTREL,S,1.0,0.999019,0.8294932098021053,4.0,0.8294932098021053,,,,,True,312.4530000000001,3.8826000000000036,37.3,1,2,1,0,0.7619047619047619,23,90.49280000000006,4,0.7460501574652694,0,1,1,1,1,1,-4.157246600000003,poor,0.2535940047826087,0.8851942743410508,1,1.0,1,high,0,,,,,,0,0
312.4530000000001,3.882600000000003,37.3,1.0,2.0,1.0,0.0,0.7619047619047619,23.0,4.0,0.7460501574652694,0,0.0,0,0.7335714285714285,0,fda_531,C#C[C@]1(O)CC[C@H]2[C@@H]3CCC4=CC(=O)CC[C@@H]4[C@H]3CC[C@@]21CC,5.79364157,FDA,LEVONORGESTREL,S,1.0,0.999019,0.8270904406089076,5.0,0.8270904406089076,,,,,True,312.4530000000001,3.8826000000000036,37.3,1,2,1,0,0.7619047619047619,23,90.49280000000006,4,0.7460501574652694,0,1,1,1,1,1,-4.157246600000003,poor,0.2518974595652174,0.8630125700298158,1,1.0,1,high,0,,,,,,0,0
349.51800000000003,5.398600000000005,33.120000000000005,1.0,2.0,1.0,1.0,0.625,26.0,5.0,0.6887813871003827,1,0.0,0,0.7634285714285713,0,fda_1489,C[C@]12CC[C@H](O)CC1=CC[C@@H]1[C@@H]2CC[C@]2(C)C(c3cccnc3)=CC[C@@H]12,5.90645599,FDA,ABIRATERONE,M,1.0,0.99719244,0.8250212031125358,6.0,0.8250212031125358,,,,,True,349.51800000000003,5.398600000000005,33.120000000000005,1,2,1,1,0.625,26,105.30680000000005,5,0.6887813871003827,0,1,0,1,1,1,-5.490129600000003,poor,0.22717138423076924,0.5397282353573734,1,0.6666666666666666,0,high,1,,,,,,0,0
370.5330000000002,4.496500000000005,54.370000000000005,1.0,3.0,2.0,0.0,0.75,27.0,4.0,0.7786891088285057,0,0.0,0,0.6116428571428572,0,fda_737,CCC(=O)[C@@]1(C)[C@H](C)C[C@H]2[C@@H]3CCC4=CC(=O)C=C[C@]4(C)[C@H]3[C@@H](O)C[C@@]21C,5.84598112,FDA,RIMEXOLONE,M,1.0,0.99924845,0.8247171314537998,7.0,0.8247171314537998,,,,,True,370.53300000000013,4.496500000000005,54.370000000000005,1,3,2,0,0.75,27,105.95780000000006,4,0.7786891088285057,0,0,1,1,1,1,-4.838099600000004,poor,0.21651781925925928,0.4004367943535559,1,1.0,0,high,1,,,,,,0,0
406.56600000000014,5.672800000000006,43.370000000000005,0.0,3.0,4.0,1.0,0.6296296296296297,30.0,5.0,0.6049275845173735,1,0.0,0,0.6902142857142857,0,fda_1345,C[C@]12CC[C@H]3[C@@H](CCC4=CC(=O)CC[C@@H]43)[C@@H]1CC[C@@H]2OC(=O)CCc1ccccc1,6.30494165,FDA,NANDROLONE PHENPROPIONATE,L,1.0,0.98497945,0.8218026823095866,8.0,0.8218026823095866,,,,,True,406.56600000000014,5.672800000000006,43.370000000000005,0,3,4,1,0.6296296296296297,30,116.73600000000003,5,0.6049275845173735,0,0,0,1,0,1,-5.818573200000004,poor,0.21016472166666667,0.3173723815605971,1,0.6666666666666666,0,high,1,,,,,,0,0
330.4680000000001,3.695900000000003,54.370000000000005,1.0,3.0,2.0,0.0,0.8095238095238095,24.0,4.0,0.8398032346789407,0,0.0,0,0.6116428571428572,0,fda_1791,C[C@]12CC[C@H]3[C@@H](CCC4=CC(=O)CC[C@@]43C)[C@@H]1CC[C@@H]2C(=O)CO,5.57008219,FDA,DESOXYCORTICOSTERONE,M,1.0,0.99551034,0.8188294867118608,9.0,0.8188294867118608,,,,,True,330.4680000000001,3.695900000000003,54.370000000000005,1,3,2,0,0.8095238095238095,24,92.29280000000004,4,0.8398032346789407,0,0,1,1,1,1,-4.085318600000003,poor,0.23208675791666666,0.6039949372183804,1,1.0,1,high,0,,,,,,0,0
350.345,0.4611999999999996,77.4,1.0,6.0,3.0,2.0,0.4117647058823529,25.0,3.0,0.8703616805410703,0,0.0,0,0.447142857142857,0,fda_665,CCn1cc(C(=O)[O-])c(=O)c2cc(F)c(N3CCN[C@H](C)C3)c(F)c21,5.9436183,FDA,LOMEFLOXACIN,M,1.0,0.93810266,0.8142701072741602,10.0,0.8142701072741602,,,,,True,350.345,0.46119999999999967,77.4,1,6,3,2,0.4117647058823529,25,87.80620000000003,3,0.8703616805410703,0,0,1,1,1,1,-2.598028333333333,moderate,0.237744732,0.6779708659649858,1,1.0,1,low,0,,,,,,0,0
364.52900000000017,5.228400000000006,29.46,1.0,2.0,2.0,1.0,0.68,27.0,5.0,0.7283713862390043,1,0.0,0,0.7895714285714286,0,fda_383,C#C[C@]1(O)CC[C@H]2[C@@H]3CCc4cc(OC5CCCC5)ccc4[C@H]3CC[C@@]21C,5.52449036,FDA,QUINESTROL,M,1.0,0.99775344,0.812201471050354,11.0,0.812201471050354,,,,,True,364.52900000000017,5.228400000000006,29.46,1,2,2,1,0.68,27,107.72580000000006,5,0.7283713862390043,0,1,0,1,1,1,-5.4099718000000045,poor,0.20461075407407406,0.2447562994012859,1,0.6666666666666666,0,high,1,,,,,,0,0
312.41300000000007,2.5349000000000004,40.620000000000005,0.0,2.0,1.0,1.0,0.5789473684210527,23.0,4.0,0.7993674496203519,0,0.0,0,0.7098571428571427,0,fda_536,O=C(C1CCCCC1)N1CC(=O)N2CCc3ccccc3[C@@H]2C1,5.67980814,FDA,PRAZIQUANTEL,S,1.0,0.9438908,0.8118344742769834,12.0,0.8118344742769834,,,,,True,312.41300000000007,2.5349000000000004,40.620000000000005,0,2,1,1,0.5789473684210527,23,87.75500000000005,4,0.7993674496203519,0,0,1,1,1,1,-3.492947600000001,moderate,0.24694818,0.7983025612756125,1,1.0,1,medium,0,,,,,,0,0
312.4530000000001,4.499500000000004,34.14,0.0,2.0,1.0,0.0,0.7142857142857143,23.0,4.0,0.7141681268421906,0,0.0,0,0.7561428571428571,0,fda_412,CC(=O)[C@H]1CC[C@H]2[C@@H]3C=CC4=CC(=O)CC[C@@]4(C)[C@@H]3CC[C@]12C,5.60154581,FDA,DYDROGESTERONE,S,1.0,0.99872977,0.8110557054650421,13.0,0.8110557054650421,,,,,True,312.4530000000001,4.499500000000004,34.14,0,2,1,0,0.7142857142857143,23,90.78700000000005,4,0.7141681268421906,0,0,1,1,1,1,-4.545893600000003,poor,0.24354547000000001,0.7538133803783641,1,1.0,0,high,1,,,,,,0,0
343.21700000000004,4.233520000000002,43.07,0.0,4.0,1.0,3.0,0.1176470588235294,23.0,4.0,0.6634881818264521,0,0.0,0,0.6923571428571429,0,fda_467,Cc1nnc2n1-c1ccc(Cl)cc1C(c1ccccc1Cl)=NC2,6.17265701,FDA,TRIAZOLAM,M,1.0,0.93475646,0.8105164995480982,14.0,0.8105164995480982,,,,,True,343.21700000000004,4.233520000000002,43.07,0,4,1,3,0.11764705882352941,23,91.90100000000002,4,0.6634881818264521,0,0,1,1,1,1,-5.124063000000001,poor,0.2683763917391304,1.0,1,1.0,0,high,1,,,,,,0,0
454.96600000000024,3.889300000000003,72.83,1.0,5.0,2.0,0.0,0.8333333333333334,31.0,5.0,0.6406683863701529,0,0.0,0,0.4797857142857142,0,fda_434,CC1(C)O[C@@H]2C[C@H]3[C@@H]4CCC5=CC(=O)CC[C@]5(C)[C@@]4(F)[C@@H](O)C[C@]3(C)[C@]2(C(=O)CCl)O1,6.28372431,FDA,HALCINONIDE,L,1.0,0.9977543,0.8104339440797466,15.0,0.8104339440797466,,,,,True,454.96600000000024,3.889300000000003,72.83,1,5,2,0,0.8333333333333334,31,112.32680000000005,5,0.6406683863701529,0,1,1,1,1,1,-4.979048200000003,poor,0.2027007841935484,0.21978414616959618,1,1.0,0,high,0,,,,,,0,0
355.4100000000001,3.030800000000002,57.2,0.0,3.0,4.0,2.0,0.15,25.0,3.0,0.8470253401152333,0,0.0,0,0.5914285714285714,0,fda_468,CC1=C(CC(=O)[O-])c2cc(F)ccc2/C1=C\c1ccc([S@](C)=O)cc1,5.45397329,FDA,SULINDAC,M,1.0,0.9912594,0.809827536342145,16.0,0.809827536342145,,,,,True,355.4100000000001,3.030800000000002,57.199999999999996,0,3,4,2,0.15,25,95.26340000000003,3,0.8470253401152333,0,1,1,1,1,1,-4.182279333333335,poor,0.21815893160000002,0.4218937342044166,1,1.0,1,high,0,,,,,,0,0
298.42600000000004,3.4925000000000024,37.3,1.0,2.0,0.0,0.0,0.75,22.0,4.0,0.6950885218084817,0,0.0,0,0.7335714285714285,0,fda_209,C#C[C@]1(O)CC[C@H]2[C@@H]3CCC4=CC(=O)CC[C@@H]4[C@H]3CC[C@@]21C,5.67393494,FDA,NORETHINDRONE,S,1.0,0.998779,0.8094549316112892,17.0,0.8094549316112892,,,,,True,298.42600000000004,3.4925000000000024,37.3,1,2,0,0,0.75,22,85.87580000000005,4,0.6950885218084817,0,1,1,1,1,1,-3.8905162000000013,moderate,0.2579061336363636,0.9415737720434554,1,1.0,1,high,0,,,,,,0,0
328.5000000000001,4.1181000000000045,48.91,2.0,2.0,0.0,1.0,0.8571428571428571,24.0,5.0,0.7524910781410399,0,0.0,0,0.6506428571428572,0,fda_1351,C[C@]12Cc3cn[nH]c3C[C@@H]1CC[C@@H]1[C@@H]2CC[C@@]2(C)[C@H]1CC[C@]2(C)O,5.61148453,FDA,STANOZOLOL,M,1.0,0.9979832,0.8085583281905072,18.0,0.8085583281905072,,,,,True,328.5000000000001,4.1181000000000045,48.91,2,2,0,1,0.8571428571428571,24,94.49550000000005,5,0.7524910781410399,0,0,1,1,1,1,-4.619103000000003,poor,0.2338118554166667,0.6265499521161803,1,1.0,0,high,1,,,,,,0,0
386.53200000000027,4.655200000000004,60.440000000000005,0.0,4.0,2.0,0.0,0.7916666666666666,28.0,4.0,0.6479725905950843,0,0.0,0,0.5682857142857143,0,fda_260,CC(=O)O[C@]1(C(C)=O)CC[C@H]2[C@@H]3C[C@H](C)C4=CC(=O)CC[C@]4(C)[C@H]3CC[C@@]21C,6.08828497,FDA,MEDROXYPROGESTERONE ACETATE,M,1.0,0.9964104,0.8083070438481113,19.0,0.8083070438481113,,,,,True,386.53200000000027,4.655200000000004,60.440000000000005,0,4,2,0,0.7916666666666666,28,106.43500000000007,4,0.6479725905950843,0,0,1,1,1,1,-5.037274400000005,poor,0.21743874892857143,0.4124776108356163,1,1.0,0,high,1,,,,,,0,0
344.4950000000001,4.840100000000005,43.370000000000005,0.0,3.0,2.0,0.0,0.8181818181818182,25.0,4.0,0.6732503232022307,0,0.0,0,0.6902142857142857,0,fda_144,CCC(=O)O[C@H]1CC[C@H]2[C@@H]3CCC4=CC(=O)CC[C@]4(C)[C@H]3CC[C@]12C,5.81028891,FDA,TESTOSTERONE PROPIONATE,M,1.0,0.9947038,0.8079253000438612,20.0,0.8079253000438612,,,,,True,344.4950000000001,4.840100000000005,43.370000000000005,0,3,2,0,0.8181818181818182,25,96.88100000000006,4,0.6732503232022307,0,0,1,1,1,1,-4.893132000000003,poor,0.2324115564,0.6082415578472816,1,1.0,0,high,1,,,,,,0,0
274.40399999999994,3.4891000000000028,37.3,1.0,2.0,0.0,0.0,0.8333333333333334,20.0,4.0,0.733928635563028,0,0.0,0,0.7335714285714285,0,fda_262,C[C@]12CC[C@H]3[C@@H](CCC4=CC(=O)CC[C@@H]43)[C@@H]1CC[C@@H]2O,5.52163935,FDA,NANDROLONE,S,1.0,0.99852717,0.8077694944590582,21.0,0.8077694944590582,,,,,True,274.40399999999994,3.4891000000000028,37.3,1,2,0,0,0.8333333333333334,20,78.09980000000004,4,0.733928635563028,0,0,1,1,1,1,-3.739437800000001,moderate,0.2760819675,1.0,1,1.0,1,high,0,,,,,,0,0
324.39900000000006,3.812980000000003,36.26,0.0,3.0,5.0,2.0,0.35,24.0,3.0,0.8388667572429986,0,0.0,0,0.741,0,fda_1279,CN(C)CCC[C@@]1(c2ccc(F)cc2)OCc2cc(C#N)ccc21,5.31001425,FDA,ESCITALOPRAM,M,1.0,0.9686686,0.8075111647228559,22.0,0.8075111647228559,,,,,True,324.39900000000006,3.812980000000003,36.26,0,3,5,2,0.35,24,90.91400000000006,3,0.8388667572429986,0,0,1,1,1,1,-4.4167845333333355,poor,0.22125059375,0.46231607894273585,1,1.0,1,high,0,,,,,,0,0
311.425,3.8371800000000023,61.09,1.0,3.0,1.0,0.0,0.7,23.0,4.0,0.8001121130289811,0,0.0,0,0.5636428571428571,0,fda_1497,C[C@]12CCC3=C4CCC(=O)C=C4CC[C@H]3[C@@H]1CC[C@@]2(O)CC#N,5.5657649,FDA,DIENOGEST,S,1.0,0.99758255,0.8064470631031468,23.0,0.8064470631031468,,,,,True,311.425,3.8371800000000027,61.089999999999996,1,3,1,0,0.7,23,87.31880000000004,4,0.8001121130289811,0,0,1,1,1,1,-4.122258400000002,poor,0.24198977826086954,0.7334732834548733,1,1.0,1,high,0,,,,,,0,0
384.6480000000002,7.619000000000008,20.23,1.0,1.0,6.0,0.0,0.7777777777777778,28.0,3.0,0.499104026994848,1,0.0,0,0.8555,0,fda_824,C=C1CC[C@@H](O)C/C1=C/C=C1\CCC[C@]2(C)[C@@H]([C@H](C)CCCC(C)C)CC[C@@H]12,6.06267786,FDA,CHOLECALCIFEROL,M,1.0,0.9967558,0.8057815724421572,24.0,0.8057815724421572,,,,,True,384.6480000000002,7.619000000000008,20.23,1,1,6,0,0.7777777777777778,28,121.1888000000001,3,0.49910402699484807,0,0,0,1,0,0,-6.628787600000005,poor,0.21652420928571428,0.40052034159763333,0,0.3333333333333333,0,high,1,,,,,,0,0
356.5060000000001,5.350300000000006,46.53,1.0,3.0,4.0,1.0,0.6956521739130435,26.0,4.0,0.7397426708714153,1,0.0,0,0.6676428571428572,0,fda_19,CCCCC(=O)O[C@H]1CC[C@H]2[C@@H]3CCc4cc(O)ccc4[C@H]3CC[C@]12C,5.58579445,FDA,ESTRADIOL VALERATE,M,1.0,0.99622226,0.8055984517909903,25.0,0.8055984517909903,,,,,True,356.5060000000001,5.350300000000006,46.53,1,3,4,1,0.6956521739130435,26,102.12880000000007,4,0.7397426708714153,0,0,0,1,1,1,-5.342026200000004,poor,0.21483824807692306,0.3784770193034452,1,0.6666666666666666,0,high,1,,,,,,0,0
430.5410000000002,2.7168000000000014,93.06,2.0,6.0,4.0,0.0,0.76,31.0,5.0,0.7124527920741569,0,0.0,0,0.3352857142857143,1,fda_684,CCC[C@@H]1O[C@@H]2C[C@H]3[C@@H]4CCC5=CC(=O)C=C[C@]5(C)[C@H]4[C@@H](O)C[C@]3(C)[C@]2(C(=O)CO)O1,6.18686914,FDA,BUDESONIDE,L,1.0,0.9987344,0.8046708006510969,26.0,0.8046708006510969,,,,,True,430.5410000000002,2.7168000000000014,93.06,2,6,4,0,0.76,31,112.86660000000005,5,0.7124527920741569,0,0,1,1,1,1,-3.9569382000000024,moderate,0.19957642387096775,0.1789342848592062,1,1.0,0,medium,0,,,,,,0,0
314.4980000000001,4.271100000000003,19.03,1.0,2.0,4.0,2.0,0.5789473684210527,22.0,4.0,0.9085285470025662,0,0.0,0,0.8640714285714286,0,fda_592,CCCN1C[C@H](CSC)C[C@@H]2c3cccc4[nH]cc(c34)C[C@H]21,5.205235,FDA,PERGOLIDE,S,1.0,0.8920185,0.804303644971482,27.0,0.804303644971482,,,,,True,314.4980000000001,4.271100000000003,19.03,1,2,4,2,0.5789473684210527,22,96.88470000000005,4,0.9085285470025662,0,0,1,1,1,1,-4.586680600000002,poor,0.23660159090909091,0.6630247169295017,1,1.0,0,high,1,,,,,,0,0
332.5280000000001,4.985300000000005,37.3,1.0,2.0,1.0,0.0,0.9545454545454546,24.0,4.0,0.7346190222392027,0,0.0,0,0.7335714285714285,0,fda_2055,CC(=O)[C@H]1CC[C@H]2[C@@H]3CC[C@H]4C[C@](C)(O)CC[C@]4(C)[C@H]3CC[C@]12C,5.46343231,FDA,GANAXOLONE,M,1.0,0.9980799,0.804189184746027,28.0,0.804189184746027,,,,,True,332.5280000000001,4.985300000000005,37.3,1,2,1,0,0.9545454545454546,24,96.52180000000007,4,0.7346190222392027,0,0,1,1,1,1,-4.976412600000003,poor,0.22764301291666666,0.5458946068445769,1,1.0,0,high,1,,,,,,0,0
310.4370000000001,3.915600000000003,29.46,1.0,2.0,1.0,1.0,0.6190476190476191,23.0,4.0,0.7968347529245803,0,0.0,0,0.7895714285714286,0,fda_213,C#C[C@]1(O)CC[C@H]2[C@@H]3CCc4cc(OC)ccc4[C@H]3CC[C@@]21C,5.20662928,FDA,MESTRANOL,S,1.0,0.99027514,0.804077712219716,29.0,0.804077712219716,,,,,True,310.4370000000001,3.915600000000003,29.46,1,2,1,1,0.6190476190476191,23,91.39380000000006,4,0.7968347529245803,0,1,1,1,1,1,-4.350537400000002,poor,0.2263751860869565,0.5293182376643174,1,1.0,0,high,0,,,,,,0,0
391.5720000000002,3.143200000000001,80.59,2.0,4.0,4.0,0.0,0.9583333333333334,28.0,4.0,0.7713900292451945,0,0.0,0,0.4243571428571429,0,fda_1784,C[C@H](CCC(=O)[O-])[C@H]1CC[C@H]2[C@@H]3CC[C@@H]4C[C@H](O)CC[C@]4(C)[C@H]3C[C@H](O)[C@]12C,5.83074331,FDA,DEOXYCHOLIC ACID,L,1.0,0.9990514,0.8035313171272368,30.0,0.8035313171272368,,,,,True,391.5720000000002,3.143200000000001,80.59,2,4,4,0,0.9583333333333334,28,106.01860000000006,4,0.7713900292451945,0,0,1,1,1,1,-3.983962400000002,moderate,0.2082408325,0.2922182387855471,1,1.0,0,high,0,,,,,,0,0
419.5200000000002,3.5593800000000018,67.16,0.0,4.0,4.0,2.0,0.4615384615384615,31.0,4.0,0.7600468495976936,0,0.0,0,0.5202857142857142,0,fda_698,C[C@@H]1CN([C@H]2CC[C@](C#N)(c3ccc(F)cc3)CC2)CC[C@]1(C(=O)[O-])c1ccccc1,5.7674675,FDA,LEVOCABASTINE,L,1.0,0.98564154,0.8029362456208865,31.0,0.8029362456208865,,,,,True,419.5200000000002,3.5593800000000018,67.16,0,4,4,2,0.46153846153846156,31,114.42800000000004,4,0.7600468495976936,0,0,1,1,1,1,-4.789433400000002,poor,0.18604733870967743,0.002046475696824128,1,1.0,1,high,0,,,,,,0,0
396.57100000000025,6.130500000000006,46.53,1.0,3.0,4.0,1.0,0.7307692307692307,29.0,5.0,0.6227170001015172,1,0.0,0,0.6676428571428572,0,fda_20,C[C@]12CC[C@@H]3c4ccc(O)cc4CC[C@H]3[C@@H]1CC[C@@H]2OC(=O)CCC1CCCC1,5.93026352,FDA,ESTRADIOL CYPIONATE,L,1.0,0.99408734,0.8027642202232954,32.0,0.8027642202232954,,,,,True,396.57100000000025,6.130500000000006,46.53,1,3,4,1,0.7307692307692307,29,113.79580000000007,5,0.6227170001015172,0,0,0,1,0,0,-6.044955200000005,poor,0.20449184551724137,0.24320161378448035,0,0.3333333333333333,0,high,1,,,,,,0,0
336.44700000000006,3.332200000000002,57.53,2.0,3.0,0.0,0.0,0.85,24.0,4.0,0.7132510411285401,0,0.0,0,0.5890714285714286,0,fda_195,C[C@]1(O)CC[C@H]2[C@@H]3CCC4=CC(=O)CC[C@]4(C)[C@@]3(F)[C@@H](O)C[C@@]21C,5.73720503,FDA,FLUOXYMESTERONE,M,1.0,0.997391,0.8021170220314916,33.0,0.8021170220314916,,,,,True,336.44700000000006,3.332200000000002,57.53,2,3,0,0,0.85,24,89.07260000000005,4,0.7132510411285401,0,0,1,1,1,1,-4.025257400000002,poor,0.23905020958333334,0.6950395048916709,1,1.0,1,high,0,,,,,,0,0
412.6140000000003,6.400500000000007,43.370000000000005,0.0,3.0,4.0,0.0,0.8518518518518519,30.0,5.0,0.5017591238230259,1,0.0,0,0.6902142857142857,0,fda_1335,C[C@]12CC[C@H]3[C@@H](CCC4=CC(=O)CC[C@@]43C)[C@@H]1CC[C@@H]2OC(=O)CCC1CCCC1,6.27472258,FDA,TESTOSTERONE CYPIONATE,L,1.0,0.9918767,0.8013773646552359,34.0,0.8013773646552359,,,,,True,412.6140000000003,6.400500000000007,43.370000000000005,0,3,4,0,0.8518518518518519,30,117.78200000000008,5,0.5017591238230259,0,0,0,1,0,0,-6.166521800000006,poor,0.20915741933333332,0.3042022742855463,0,0.3333333333333333,0,high,1,,,,,,0,0
384.51600000000025,4.575300000000005,60.440000000000005,0.0,4.0,2.0,0.0,0.7083333333333334,28.0,4.0,0.6541950145872741,0,0.0,0,0.5682857142857143,0,fda_400,CC(=O)O[C@]1(C(C)=O)CC[C@H]2[C@@H]3C=C(C)C4=CC(=O)CC[C@]4(C)[C@H]3CC[C@@]21C,5.94436884,FDA,MEGESTROL ACETATE,M,1.0,0.99583864,0.8005180577724084,35.0,0.8005180577724084,,,,,True,384.51600000000025,4.575300000000005,60.440000000000005,0,4,2,0,0.7083333333333334,28,106.41100000000007,4,0.6541950145872741,0,0,1,1,1,1,-4.974438200000005,poor,0.21229888714285713,0.3452758096913814,1,1.0,0,high,1,,,,,,0,0
391.5550000000001,5.9694000000000065,39.19,0.0,3.0,2.0,1.0,0.6153846153846154,29.0,5.0,0.4604575535940218,1,0.0,0,0.7200714285714286,0,fda_1519,CC(=O)O[C@H]1CC[C@@]2(C)C(=CC[C@@H]3[C@@H]2CC[C@]2(C)C(c4cccnc4)=CC[C@@H]32)C1,6.30808115,FDA,ABIRATERONE ACETATE,L,1.0,0.99368805,0.7987003023046964,36.0,0.7987003023046964,,,,,True,391.5550000000001,5.9694000000000065,39.19,0,3,2,1,0.6153846153846154,29,114.85400000000007,5,0.4604575535940218,0,1,0,1,0,0,-6.044363000000004,poor,0.2175200396551724,0.4135404571672222,0,0.3333333333333333,0,high,1,,,,,,0,0
381.3790000000001,3.5139200000000006,77.98,1.0,4.0,3.0,3.0,0.1176470588235294,26.0,3.0,0.7541053298167572,0,0.0,0,0.4429999999999999,0,fda_836,Cc1ccc(-c2cc(C(F)(F)F)nn2-c2ccc(S(N)(=O)=O)cc2)cc1,5.79189491,FDA,CELECOXIB,M,1.0,0.99310607,0.7977628842433417,37.0,0.7977628842433417,,,,,True,381.3790000000001,3.5139200000000006,77.98,1,4,3,3,0.11764705882352941,26,90.1122,3,0.7541053298167572,0,0,1,1,1,1,-4.9603194,poor,0.22276518884615384,0.4821188523847495,1,1.0,1,high,0,,,,,,0,0
410.4930000000003,3.5904200000000026,64.16,0.0,6.0,4.0,3.0,0.5217391304347826,30.0,5.0,0.6577452185749303,0,0.0,0,0.5417142857142858,0,fda_713,Cc1nc2n(c(=O)c1CCN1CCC(c3noc4cc(F)ccc34)CC1)CCCC2,6.04004812,FDA,RISPERIDONE,L,1.0,0.97338235,0.797725727593773,38.0,0.797725727593773,,,,,True,410.4930000000003,3.5904200000000026,64.16,0,6,4,3,0.5217391304347826,30,112.25800000000005,5,0.6577452185749303,0,0,1,1,1,1,-4.827021200000003,poor,0.20133493733333332,0.2019262011663348,1,1.0,1,high,0,,,,,,0,0
340.492,4.832100000000005,23.550000000000004,0.0,4.0,5.0,2.0,0.35,24.0,3.0,0.7273120276641493,0,0.0,0,0.8317857142857142,0,fda_1129,CCC(=O)c1ccc2c(c1)N(C[C@H](C)N(C)C)c1ccccc1S2,5.59150553,FDA,PROPIOMAZINE,M,1.0,0.92109364,0.7973397076923049,39.0,0.7973397076923049,,,,,True,340.492,4.832100000000005,23.550000000000004,0,4,5,2,0.35,24,101.78350000000006,3,0.7273120276641493,0,0,1,1,1,1,-5.158606733333336,poor,0.23297939708333334,0.6156658657905488,1,1.0,0,high,1,,,,,,0,0
315.374,2.3885000000000005,86.03999999999999,0.0,6.0,5.0,2.0,0.3125,22.0,2.0,0.8452708717294677,0,0.0,0,0.3854285714285714,0,fda_760,Cc1nc(-c2ccc(OCC(C)C)c(C#N)c2)sc1C(=O)[O-],5.71770859,FDA,FEBUXOSTAT,S,1.0,0.9624286,0.7964674507031066,40.0,0.7964674507031066,,,,,True,315.374,2.3885000000000005,86.03999999999999,0,6,5,2,0.3125,22,81.66550000000005,2,0.8452708717294677,0,0,1,1,1,1,-3.710073800000001,moderate,0.259895845,0.9675885158183087,1,1.0,0,medium,0,,,,,,0,0
404.54700000000025,4.195500000000004,72.83,1.0,5.0,6.0,0.0,0.75,29.0,3.0,0.671999391844661,0,0.0,0,0.4797857142857142,0,fda_616,CC[C@H](C)C(=O)O[C@H]1C[C@@H](C)C=C2C=C[C@H](C)[C@H](CC[C@@H]3C[C@@H](O)CC(=O)O3)[C@H]21,6.0455451,FDA,LOVASTATIN,L,1.0,0.9774786,0.7959510618011078,41.0,0.7959510618011078,,,,,True,404.54700000000025,4.195500000000004,72.83,1,5,6,0,0.75,29,110.83780000000007,3,0.671999391844661,0,0,1,1,1,1,-4.5953564000000044,poor,0.20846707241379311,0.29517624239176676,1,1.0,0,high,1,,,,,,0,0
266.30400000000003,2.6512200000000004,58.120000000000005,1.0,4.0,1.0,2.0,0.2666666666666666,20.0,4.0,0.8617161250864191,0,0.0,0,0.5848571428571427,0,fda_770,Cc1ccnc2c1NC(=O)c1cccnc1N2C1CC1,5.2316494,FDA,NEVIRAPINE,S,1.0,0.9823621,0.7957493189188262,42.0,0.7957493189188262,,,,,True,266.30400000000003,2.6512200000000004,58.120000000000005,1,4,1,2,0.26666666666666666,20,76.32520000000002,4,0.8617161250864191,0,0,1,1,1,1,-3.4653534000000006,moderate,0.26158247,0.9896405169382462,1,1.0,1,medium,0,,,,,,0,0
318.5010000000001,4.595200000000005,37.3,1.0,2.0,1.0,0.0,0.9523809523809524,23.0,4.0,0.7672110598231308,0,0.0,0,0.7335714285714285,0,fda_1926,CC(=O)[C@H]1CC[C@H]2[C@@H]3CC[C@H]4C[C@H](O)CC[C@]4(C)[C@H]3CC[C@]12C,5.21733332,FDA,BREXANOLONE,M,-1.0,0.99857783,0.7957029151555142,43.0,0.7957029151555142,,,,,True,318.5010000000001,4.595200000000005,37.3,1,2,1,0,0.9523809523809523,23,91.90480000000007,4,0.7672110598231308,0,0,1,1,1,1,-4.643682200000003,poor,0.2268405791304348,0.535403080421892,1,1.0,0,high,1,,,,,,0,0
296.4100000000001,3.6126000000000023,40.46,2.0,2.0,0.0,1.0,0.6,22.0,4.0,0.7180018360911579,0,0.0,0,0.7110000000000001,0,fda_18,C#C[C@]1(O)CC[C@H]2[C@@H]3CCc4cc(O)ccc4[C@H]3CC[C@@]21C,5.42335176,FDA,ETHINYL ESTRADIOL,S,1.0,0.99645907,0.7956543085001542,44.0,0.7956543085001542,,,,,True,296.4100000000001,3.6126000000000023,40.46,2,2,0,1,0.6,22,86.50660000000005,4,0.7180018360911579,0,1,1,1,1,1,-4.138680000000002,poor,0.2465159890909091,0.7926518242052507,1,1.0,1,high,0,,,,,,0,0
300.3980000000001,3.5899000000000028,43.370000000000005,0.0,3.0,0.0,0.0,0.6842105263157895,22.0,4.0,0.6421056110726256,0,0.0,0,0.6902142857142857,0,fda_363,C[C@]12C=CC(=O)C=C1CC[C@@H]1[C@@H]2CC[C@]2(C)OC(=O)CC[C@@H]12,5.67837381,FDA,TESTOLACTONE,S,1.0,0.9987897,0.7947991862866558,45.0,0.7947991862866558,,,,,True,300.3980000000001,3.5899000000000028,43.370000000000005,0,3,0,0,0.6842105263157895,22,83.00600000000004,4,0.6421056110726256,0,0,1,1,1,1,-3.964104600000002,moderate,0.25810790045454546,0.9442117989317751,1,1.0,1,high,0,,,,,,0,0
410.4240000000001,3.742040000000002,77.0,1.0,5.0,6.0,3.0,0.2727272727272727,30.0,4.0,0.6699507613704487,0,0.0,0,0.4499999999999999,0,fda_1953,Cc1ncc(OC[C@@]2(c3cccc(F)c3)C[C@H]2C(=O)Nc2ccc(F)cn2)c(C)n1,6.05913401,FDA,LEMBOREXANT,L,1.0,0.98105305,0.7944718762410317,46.0,0.7944718762410317,,,,,True,410.4240000000001,3.742040000000002,77.0,1,5,6,3,0.2727272727272727,30,106.01070000000003,4,0.6699507613704487,0,0,1,1,1,1,-4.9011140000000015,poor,0.20197113366666666,0.21024423407534948,1,1.0,1,high,0,,,,,,0,0
470.6060000000005,3.497000000000003,93.06000000000002,2.0,6.0,3.0,0.0,0.7857142857142857,34.0,6.0,0.6559282998675063,0,0.0,0,0.3352857142857142,1,fda_1642,C[C@]12C=CC(=O)C=C1CC[C@@H]1[C@@H]2[C@@H](O)C[C@@]2(C)[C@H]1C[C@H]1O[C@@H](C3CCCCC3)O[C@]12C(=O)CO,6.19540024,FDA,M CICLESONIDE,L,1.0,0.99806434,0.7936902053963988,47.0,0.7936902053963988,,,,,True,470.60600000000045,3.497000000000003,93.06000000000002,2,6,3,0,0.7857142857142857,34,124.53360000000006,6,0.6559282998675063,0,0,1,1,1,1,-4.762867200000004,poor,0.18221765411764704,0.0,1,1.0,0,high,0,,,,,,0,0
322.40900000000005,2.6183000000000005,53.02,0.0,4.0,1.0,2.0,0.2631578947368421,23.0,3.0,0.757469217083975,0,0.0,0,0.6212857142857143,0,fda_1664,CC1(C)CCSc2ccc(C#Cc3ccc(C(=O)[O-])cn3)cc21,5.3993001,FDA,M TAZAROTENE,M,1.0,0.99738497,0.7933730838401867,48.0,0.7933730838401867,,,,,True,322.40900000000005,2.6183000000000005,53.019999999999996,0,4,1,2,0.2631578947368421,23,89.35650000000004,3,0.757469217083975,0,1,1,1,1,1,-3.915798133333334,moderate,0.23475217826086955,0.6388443272223624,1,1.0,1,medium,0,,,,,,0,0
339.411,4.015300000000003,40.129999999999995,0.0,3.0,4.0,2.0,0.15,24.0,3.0,0.7901862796730263,0,0.0,0,0.7133571428571429,0,fda_1708,CSc1ccc(/C=C2/C(C)=C(CC(=O)[O-])c3cc(F)ccc32)cc1,5.15598679,FDA,M SULINDAC,M,-1.0,0.99462986,0.7933145891763556,49.0,0.7933145891763556,,,,,True,339.411,4.015300000000003,40.129999999999995,0,3,4,2,0.15,24,94.71200000000002,3,0.7901862796730263,0,1,1,1,1,1,-4.7033205333333346,poor,0.21483278291666666,0.37840556434452144,1,1.0,0,high,1,,,,,,0,0
496.57500000000033,3.760400000000003,100.9,2.0,6.0,4.0,1.0,0.5517241379310345,36.0,5.0,0.6159542688928459,0,0.0,0,0.2792857142857142,1,fda_1348,C[C@H]1C[C@H]2[C@@H]3CCC4=CC(=O)C=C[C@]4(C)[C@@]3(F)[C@@H](O)C[C@]2(C)[C@@]1(OC(=O)c1ccccc1)C(=O)CO,6.83105707,FDA,BETAMETHASONE BENZOATE,XL,1.0,0.91088384,0.7930831021555967,50.0,0.7930831021555967,,,,,True,496.57500000000033,3.760400000000003,100.9,2,6,4,1,0.5517241379310345,36,129.58310000000006,5,0.6159542688928459,0,0,1,1,0,1,-5.171817000000003,poor,0.18975158527777777,0.05047813624275047,1,1.0,0,high,0,,,,,,0,0
288.475,5.090300000000005,20.23,1.0,1.0,1.0,0.0,0.9,21.0,4.0,0.6662692979783309,1,0.0,0,0.8555,0,fda_336,CC[C@]1(O)CC[C@H]2[C@@H]3CCC4=CCCC[C@@H]4[C@H]3CC[C@@]21C,5.29698801,FDA,ETHYLESTRENOL,S,1.0,0.99825794,0.7925163561586493,51.0,0.7925163561586493,,,,,True,288.475,5.090300000000005,20.23,1,1,1,0,0.9,21,86.94380000000007,4,0.6662692979783309,0,1,0,1,1,1,-4.769434000000003,poor,0.2522375242857143,0.8674587910909574,1,0.6666666666666666,0,high,1,,,,,,0,0
337.46300000000014,4.221000000000004,46.260000000000005,1.0,3.0,0.0,1.0,0.6818181818181818,25.0,5.0,0.7210430866196731,0,0.0,0,0.6695714285714285,0,fda_435,C#C[C@]1(O)CC[C@H]2[C@@H]3CCC4=Cc5oncc5C[C@]4(C)[C@H]3CC[C@@]21C,5.41800165,FDA,DANAZOL,M,1.0,0.99884295,0.7925054238776915,52.0,0.7925054238776915,,,,,True,337.46300000000014,4.221000000000004,46.260000000000005,1,3,0,1,0.6818181818181818,25,96.35280000000006,5,0.7210430866196731,0,1,1,1,1,1,-4.739500600000003,poor,0.216720066,0.4030810960526993,1,1.0,0,high,1,,,,,,0,0
268.356,3.7375000000000025,37.3,1.0,2.0,0.0,1.0,0.5,20.0,4.0,0.7277739364016139,0,0.0,0,0.7335714285714285,0,fda_1322,C[C@]12CC[C@H]3C(=CCc4cc(O)ccc43)[C@@H]1CCC2=O,5.28230906,FDA,EQUILIN,S,1.0,0.99853146,0.7918025862625643,53.0,0.7918025862625643,,,,,True,268.356,3.7375000000000025,37.3,1,2,0,1,0.5,20,77.70680000000003,4,0.7277739364016139,0,1,1,1,1,1,-4.043432200000002,poor,0.264115453,1.0,1,1.0,1,high,0,,,,,,0,0
306.446,3.543100000000003,46.53,1.0,3.0,0.0,0.0,0.9473684210526316,22.0,4.0,0.6962908532154631,0,0.0,0,0.6676428571428572,0,fda_334,C[C@]12COC(=O)C[C@@H]1CC[C@@H]1[C@@H]2CC[C@@]2(C)[C@H]1CC[C@]2(C)O,5.49306917,FDA,OXANDROLONE,S,1.0,0.99786025,0.7916897508563986,54.0,0.7916897508563986,,,,,True,306.446,3.543100000000003,46.53,1,3,0,0,0.9473684210526315,22,84.07580000000006,4,0.6962908532154631,0,0,1,1,1,1,-3.972118200000002,moderate,0.24968496227272727,0.8340849822306007,1,1.0,1,high,0,,,,,,0,0
381.9070000000002,4.297500000000004,38.13,0.0,4.0,3.0,3.0,0.3636363636363636,27.0,4.0,0.678552511607709,0,0.0,0,0.7276428571428571,0,fda_680,CN1CCC[C@H](n2nc(Cc3ccc(Cl)cc3)c3ccccc3c2=O)CC1,5.70142031,FDA,AZELASTINE,M,1.0,0.94594914,0.7913983755912984,55.0,0.7913983755912984,,,,,True,381.9070000000002,4.297500000000004,38.13,0,4,3,3,0.36363636363636365,27,110.64600000000006,4,0.678552511607709,0,0,1,1,1,1,-5.272248400000002,poor,0.21116371518518517,0.3304338541399674,1,1.0,0,high,1,,,,,,0,0
476.58500000000026,3.6368000000000023,100.90000000000002,2.0,6.0,6.0,0.0,0.7407407407407407,34.0,4.0,0.5679557810972998,0,0.0,0,0.2792857142857141,1,fda_306,CCCCC(=O)O[C@]1(C(=O)CO)[C@@H](C)C[C@H]2[C@@H]3CCC4=CC(=O)C=C[C@]4(C)[C@@]3(F)[C@@H](O)C[C@@]21C,6.56353569,FDA,BETAMETHASONE VALERATE,L,1.0,0.99188626,0.7913109552388193,56.0,0.7913109552388193,,,,,True,476.58500000000026,3.6368000000000027,100.90000000000002,2,6,6,0,0.7407407407407407,34,123.34260000000006,4,0.5679557810972998,0,0,1,1,1,1,-4.690011000000003,poor,0.1930451673529412,0.09354050968682343,1,1.0,0,high,0,,,,,,0,0
391.57200000000023,3.1432,80.59,2.0,4.0,4.0,0.0,0.9583333333333334,28.0,4.0,0.7713900292451946,0,0.0,0,0.4243571428571429,0,fda_612,C[C@H](CCC(=O)[O-])[C@H]1CC[C@H]2[C@@H]3[C@@H](O)C[C@@H]4C[C@H](O)CC[C@]4(C)[C@H]3CC[C@]12C,5.6205802,FDA,URSODIOL,L,-1.0,0.9994437,0.790707785124817,57.0,0.790707785124817,,,,,True,391.57200000000023,3.1432,80.59,2,4,4,0,0.9583333333333334,28,106.01860000000006,4,0.7713900292451946,0,0,1,1,1,1,-3.983962400000002,moderate,0.20073500714285714,0.19408233472757977,1,1.0,0,high,0,,,,,,0,0
383.347,3.2888800000000016,87.39,1.0,5.0,3.0,2.0,0.2352941176470588,26.0,3.0,0.8788754903467066,0,0.0,0,0.3757857142857143,0,fda_2051,CS(=O)(=O)c1ccc(Oc2cc(F)cc(C#N)c2)c2c1[C@H](O)[C@H](F)[C@@H]2F,5.66498613,FDA,BELZUTIFAN,M,1.0,0.9334757,0.7902917090391642,58.0,0.7902917090391642,,,,,True,383.34700000000004,3.2888800000000016,87.39,1,5,3,2,0.23529411764705882,26,84.44560000000003,3,0.8788754903467066,0,0,1,1,1,1,-4.584079133333334,poor,0.21788408192307693,0.41830017583588625,1,1.0,0,high,0,,,,,,0,0
361.401,4.042080000000003,92.17,1.0,6.0,4.0,3.0,0.2857142857142857,27.0,4.0,0.7537563210999249,0,0.0,0,0.3416428571428572,0,fda_1939,CC(C)Oc1ccc(-c2nc(-c3cccc4c3CC[C@@H]4O)no2)cc1C#N,5.8528676,FDA,M OZANIMOD,M,1.0,0.98920107,0.7901403862457921,59.0,0.7901403862457921,,,,,True,361.401,4.042080000000003,92.16999999999999,1,6,4,3,0.2857142857142857,27,98.92980000000003,4,0.7537563210999249,0,0,1,1,1,1,-4.918196600000001,poor,0.21677287407407406,0.4037715421854337,1,1.0,0,high,1,,,,,,0,0
391.57200000000023,3.1432,80.59,2.0,4.0,4.0,0.0,0.9583333333333334,28.0,4.0,0.7713900292451946,0,0.0,0,0.4243571428571429,0,fda_513,C[C@H](CCC(=O)[O-])[C@H]1CC[C@H]2[C@@H]3[C@H](O)C[C@@H]4C[C@H](O)CC[C@]4(C)[C@H]3CC[C@]12C,5.59990501,FDA,CHENODIOL,L,-1.0,0.9994437,0.7894346682075342,60.0,0.7894346682075342,,,,,True,391.57200000000023,3.1432,80.59,2,4,4,0,0.9583333333333334,28,106.01860000000006,4,0.7713900292451946,0,0,1,1,1,1,-3.983962400000002,moderate,0.19999660749999998,0.1844280311620288,1,1.0,0,high,0,,,,,,0,0
324.39900000000006,3.812980000000003,36.26,0.0,3.0,5.0,2.0,0.35,24.0,3.0,0.8388667572429986,0,0.0,0,0.741,0,fda_1278,CN(C)CCC[C@]1(c2ccc(F)cc2)OCc2cc(C#N)ccc21,5.002707,FDA,CITALOPRAM,M,-1.0,0.9686686,0.7885880951511299,61.0,0.7885880951511299,,,,,True,324.39900000000006,3.812980000000003,36.26,0,3,5,2,0.35,24,90.91400000000006,3,0.8388667572429986,0,0,1,1,1,1,-4.4167845333333355,poor,0.208446125,0.2949023626660273,1,1.0,1,high,0,,,,,,0,0
329.44000000000005,3.466880000000002,76.78,2.0,4.0,0.0,0.0,0.85,24.0,5.0,0.6672313604458664,0,0.0,0,0.4515714285714285,0,fda_540,C[C@]12CC[C@H]3[C@@H](CC[C@@]45O[C@@H]4C(O)=C(C#N)C[C@]35C)[C@@H]1CC[C@@H]2O,5.91102552,FDA,TRILOSTANE,M,1.0,0.99201596,0.7882539221938877,62.0,0.7882539221938877,,,,,True,329.44000000000005,3.466880000000002,76.78,2,4,0,0,0.85,24,87.88160000000005,5,0.6672313604458664,0,1,1,1,1,1,-4.066662400000002,poor,0.24629273,0.7897327937611602,1,1.0,1,high,0,,,,,,0,0
340.46300000000014,4.0633000000000035,43.370000000000005,0.0,3.0,1.0,0.0,0.7272727272727273,25.0,4.0,0.5338581764582067,0,0.0,0,0.6902142857142857,0,fda_210,C#C[C@]1(OC(C)=O)CC[C@H]2[C@@H]3CCC4=CC(=O)CC[C@@H]4[C@H]3CC[C@@]21C,5.9484334,FDA,NORETHINDRONE ACETATE,M,1.0,0.99363685,0.7882332921731701,63.0,0.7882332921731701,,,,,True,340.46300000000014,4.0633000000000035,43.370000000000005,0,3,1,0,0.7272727272727273,25,95.42300000000006,4,0.5338581764582067,0,1,1,1,1,1,-4.444749600000002,poor,0.237937336,0.6804890923779138,1,1.0,0,high,1,,,,,,0,0
414.58600000000024,5.292900000000006,60.440000000000005,0.0,4.0,3.0,0.0,0.8076923076923077,30.0,4.0,0.5885932991379204,1,0.0,0,0.5682857142857143,0,fda_6,CC(C)(C)C(=O)OCC(=O)[C@H]1CC[C@H]2[C@@H]3CCC4=CC(=O)CC[C@]4(C)[C@H]3CC[C@]12C,5.9616313,FDA,DESOXYCORTICOSTERONE PIVALATE,L,1.0,0.9950401,0.7882211347346729,64.0,0.7882211347346729,,,,,True,414.58600000000024,5.292900000000006,60.440000000000005,0,4,3,0,0.8076923076923077,30,115.62100000000008,4,0.5885932991379204,0,0,0,1,1,1,-5.5469602000000044,poor,0.19872104333333332,0.16775049914875662,1,0.6666666666666666,0,high,1,,,,,,0,0
412.6140000000003,5.090600000000006,60.69,3.0,3.0,5.0,0.0,0.7037037037037037,30.0,4.0,0.5512651961830369,1,0.0,0,0.5665,0,fda_1412,C=C1/C(=C\C=C2/CCC[C@]3(C)[C@@H]([C@H](C)/C=C/[C@@H](O)C4CC4)CC[C@@H]23)C[C@@H](O)C[C@@H]1O,6.08589697,FDA,CALCIPOTRIENE,L,1.0,0.9940528,0.7879326788604486,65.0,0.7879326788604486,,,,,True,412.6140000000003,5.090600000000006,60.69,3,3,5,0,0.7037037037037037,30,121.76040000000006,4,0.5512651961830369,0,1,0,1,1,1,-5.275284800000005,poor,0.20286323233333334,0.22190809580894655,1,0.6666666666666666,0,high,1,,,,,,0,0
392.4670000000002,1.8957,94.83,3.0,5.0,2.0,0.0,0.7272727272727273,28.0,4.0,0.667213496992105,0,0.0,0,0.3226428571428571,0,fda_304,C[C@H]1C[C@H]2[C@@H]3CCC4=CC(=O)C=C[C@]4(C)[C@@]3(F)[C@@H](O)C[C@]2(C)[C@@]1(O)C(=O)CO,6.10218382,FDA,BETAMETHASONE,L,1.0,0.9925551,0.7872901910693823,66.0,0.7872901910693823,,,,,True,392.4670000000002,1.8957000000000002,94.83,3,5,2,0,0.7272727272727273,28,99.94440000000004,4,0.667213496992105,0,0,1,1,1,1,-3.3355864000000017,moderate,0.2179351364285714,0.4189676947048358,1,1.0,0,medium,0,,,,,,0,0
347.4780000000002,4.769020000000005,40.129999999999995,0.0,2.0,3.0,2.0,0.375,26.0,3.0,0.802266996072772,0,0.0,0,0.7133571428571429,0,fda_847,C=C(c1ccc(C(=O)[O-])cc1)c1cc2c(cc1C)C(C)(C)CCC2(C)C,5.000916,FDA,BEXAROTENE,M,-1.0,0.9978689,0.7871536673741052,67.0,0.7871536673741052,,,,,True,347.4780000000002,4.769020000000005,40.129999999999995,0,2,3,2,0.375,26,105.37350000000005,3,0.802266996072772,0,0,1,1,1,1,-5.294179533333336,poor,0.19234292307692308,0.08435892423586597,1,1.0,0,high,1,,,,,,0,0
350.345,0.4611999999999996,77.4,1.0,6.0,3.0,2.0,0.4117647058823529,25.0,3.0,0.8703616805410703,0,0.0,0,0.447142857142857,0,fda_1193,CCn1cc(C(=O)[O-])c(=O)c2cc(F)c(N3CCN[C@@H](C)C3)c(F)c21,5.4960041,FDA,LOMEFLOXACIN,M,1.0,0.93810266,0.7867073516024585,68.0,0.7867073516024585,,,,,True,350.345,0.46119999999999967,77.4,1,6,3,2,0.4117647058823529,25,87.80620000000003,3,0.8703616805410703,0,0,1,1,1,1,-2.598028333333333,moderate,0.219840164,0.443875229064077,1,1.0,1,low,0,,,,,,0,0
356.4620000000001,2.752900000000001,74.6,2.0,4.0,2.0,0.0,0.6363636363636364,26.0,4.0,0.7462733211519809,0,0.0,0,0.4671428571428572,0,fda_2091,C[C@@H]1C[C@H]2[C@@H]3CCC4=CC(=O)C=C[C@]4(C)C3=CC[C@]2(C)[C@@]1(O)C(=O)CO,5.549438,FDA,VAMOROLONE,M,1.0,0.99642557,0.7846768647734573,69.0,0.7846768647734573,,,,,True,356.4620000000001,2.752900000000001,74.6,2,4,2,0,0.6363636363636364,26,98.18160000000005,4,0.7462733211519809,0,1,1,1,1,1,-3.6523914000000013,moderate,0.21343992307692308,0.36019443457593553,1,1.0,1,medium,0,,,,,,0,0
482.6280000000002,4.773280000000004,72.36,1.0,5.0,3.0,3.0,0.4666666666666667,36.0,6.0,0.5820901201895605,0,0.0,0,0.4831428571428571,0,fda_1819,CCc1cc2c(cc1N1CCC(N3CCOCC3)CC1)C(C)(C)c1[nH]c3cc(C#N)ccc3c1C2=O,6.11367226,FDA,ALECTINIB,L,1.0,0.9845748,0.7846288596293699,70.0,0.7846288596293699,,,,,True,482.62800000000027,4.773280000000004,72.36,1,5,3,3,0.4666666666666667,36,142.0211999999999,6,0.5820901201895605,0,0,1,1,0,1,-6.011460000000004,poor,0.16982422944444445,0.0,1,1.0,0,high,1,,,,,,0,0
288.43100000000004,3.879200000000003,37.3,1.0,2.0,0.0,0.0,0.8421052631578947,21.0,4.0,0.6868426969908572,0,0.0,0,0.7335714285714285,0,fda_1825,C[C@]12CC[C@H](O)CC1=CC[C@@H]1[C@@H]2CC[C@]2(C)C(=O)CC[C@@H]12,5.29769468,FDA,PRASTERONE,S,1.0,0.99849176,0.7845518481291717,71.0,0.7845518481291717,,,,,True,288.43100000000004,3.8792000000000035,37.3,1,2,0,0,0.8421052631578947,21,82.71680000000005,4,0.6868426969908572,0,1,1,1,1,1,-4.072168200000002,poor,0.2522711752380952,0.8678987649082504,1,1.0,1,high,0,,,,,,0,0
366.50100000000015,4.305900000000004,43.370000000000005,0.0,3.0,0.0,0.0,0.8333333333333334,27.0,7.0,0.6002668837960434,0,0.0,0,0.6902142857142857,0,fda_855,C[C@]12CCC(=O)C=C1[C@@H]1C[C@@H]1[C@H]1[C@@H]3[C@@H]4C[C@@H]4[C@@]4(CCC(=O)O4)[C@@]3(C)CC[C@@H]12,5.64053535,FDA,DROSPIRENONE,M,1.0,0.9973822,0.783679221317173,72.0,0.783679221317173,,,,,True,366.50100000000015,4.305900000000004,43.370000000000005,0,3,0,0,0.8333333333333334,27,99.49300000000005,7,0.6002668837960434,0,0,1,1,1,1,-4.825023200000003,poor,0.2089087166666667,0.3009505784528248,1,1.0,0,high,1,,,,,,0,0
302.458,4.269300000000005,37.3,1.0,2.0,0.0,0.0,0.85,22.0,4.0,0.7253305311285855,0,0.0,0,0.7335714285714285,0,fda_1320,C[C@]12CCC(=O)C=C1CC[C@@H]1[C@@H]2CC[C@@]2(C)[C@H]1CC[C@]2(C)O,5.15610552,FDA,METHYLTESTOSTERONE,S,1.0,0.9988825,0.7836479866994657,73.0,0.7836479866994657,,,,,True,302.458,4.269300000000005,37.3,1,2,0,0,0.85,22,87.33380000000005,4,0.7253305311285855,0,0,1,1,1,1,-4.404898600000003,poor,0.2343684327272727,0.6338269956064734,1,1.0,0,high,1,,,,,,0,0
554.7220000000002,6.729780000000008,87.03,1.0,4.0,2.0,0.0,0.7575757575757576,40.0,5.0,0.4100424722853117,2,0.0,0,0.3783571428571428,0,fda_2075,CC1(C)CC[C@]2(NC(=O)C(C)(F)F)CC[C@]3(C)[C@H](C(=O)C=C4[C@@]5(C)C=C(C#N)C(=O)C(C)(C)[C@@H]5CC[C@]43C)[C@@H]2C1,6.75742579,FDA,OMAVELOXOLONE,XL,1.0,0.9963237,0.7829058539245329,74.0,0.7829058539245329,,,,,True,554.7220000000002,6.729780000000008,87.03,1,4,2,0,0.7575757575757576,40,147.95969999999983,5,0.4100424722853117,0,0,0,1,0,0,-7.387037800000007,poor,0.16893564475,0.0,0,0.3333333333333333,0,high,2,,,,,,1,0
378.44000000000017,1.5056,94.83,3.0,5.0,2.0,0.0,0.7142857142857143,27.0,4.0,0.6770422256433893,0,0.0,0,0.3226428571428571,0,fda_1347,C[C@]12C=CC(=O)C=C1[C@@H](F)C[C@@H]1[C@@H]2[C@@H](O)C[C@@]2(C)[C@H]1CC[C@]2(O)C(=O)CO,5.98134232,FDA,FLUPREDNISOLONE,M,1.0,0.99565756,0.7827456317440027,75.0,0.7827456317440027,,,,,True,378.44000000000017,1.5056,94.83,3,5,2,0,0.7142857142857143,27,95.32740000000004,4,0.6770422256433893,0,0,1,1,1,1,-3.002856000000001,moderate,0.22153119703703705,0.4659848636459148,1,1.0,0,medium,0,,,,,,0,0
270.37199999999996,3.817400000000002,37.3,1.0,2.0,0.0,1.0,0.6111111111111112,20.0,4.0,0.7778844237760111,0,0.0,0,0.7335714285714285,0,fda_11,C[C@]12CC[C@@H]3c4ccc(O)cc4CC[C@H]3[C@@H]1CCC2=O,4.96658564,FDA,ESTRONE,S,1.0,0.99879587,0.7824627051455147,76.0,0.7824627051455147,,,,,True,270.37199999999996,3.817400000000002,37.3,1,2,0,1,0.6111111111111112,20,77.73080000000004,4,0.7778844237760111,0,0,1,1,1,1,-4.1062684,poor,0.24832928199999998,0.8163599616169733,1,1.0,1,high,0,,,,,,0,0
280.323,4.040500000000002,50.440000000000005,1.0,3.0,3.0,3.0,0.1666666666666666,21.0,3.0,0.787337428747122,0,0.0,0,0.6397142857142857,0,fda_1114,CC[C@H](c1ccccc1)c1c(O)oc2ccccc2c1=O,5.22137117,FDA,PHENPROCOUMON,S,1.0,0.97143215,0.7824474202803932,77.0,0.7824474202803932,,,,,True,280.323,4.040500000000002,50.440000000000005,1,3,3,3,0.16666666666666666,21,82.72480000000003,3,0.787337428747122,0,0,1,1,1,1,-4.665517600000001,poor,0.24863672238095239,0.8203796314458187,1,1.0,0,high,1,,,,,,0,0
376.4680000000002,2.923300000000001,74.6,2.0,4.0,1.0,0.0,0.7272727272727273,27.0,4.0,0.7379088954419751,0,0.0,0,0.4671428571428572,0,fda_252,CC(=O)[C@@]1(O)CC[C@H]2[C@@H]3C[C@H](C)C4=CC(=O)C=C[C@]4(C)[C@@]3(F)[C@@H](O)C[C@@]21C,5.52550459,FDA,FLUOROMETHOLONE,M,1.0,0.99915135,0.7823479473058718,78.0,0.7823479473058718,,,,,True,376.46800000000013,2.923300000000001,74.6,2,4,1,0,0.7272727272727273,27,98.53260000000003,4,0.7379088954419751,0,0,1,1,1,1,-3.9497806000000013,moderate,0.20464831814814813,0.24524743584450878,1,1.0,1,medium,0,,,,,,0,0
434.50400000000025,2.4188000000000005,93.06,2.0,6.0,2.0,0.0,0.75,31.0,5.0,0.6935078414535659,0,0.0,0,0.3352857142857143,1,fda_225,CC1(C)O[C@@H]2C[C@H]3[C@@H]4CCC5=CC(=O)C=C[C@]5(C)[C@@]4(F)[C@@H](O)C[C@]3(C)[C@]2(C(=O)CO)O1,5.8955245,FDA,TRIAMCINOLONE ACETONIDE,L,1.0,0.9965448,0.7822847981768523,79.0,0.7822847981768523,,,,,True,434.50400000000025,2.4188000000000005,93.06,2,6,2,0,0.75,31,108.59860000000005,5,0.6935078414535659,0,0,1,1,1,1,-3.9257688000000015,moderate,0.19017820967741933,0.05605609325079211,1,1.0,0,medium,0,,,,,,0,0
434.47100000000034,2.3474000000000004,86.37,1.0,4.0,4.0,3.0,0.3333333333333333,32.0,5.0,0.6830916301031819,0,0.0,0,0.3830714285714285,0,fda_1737,O=C(c1cc(Cc2n[nH]c(=O)c3ccccc23)ccc1F)N1CCN(C(=O)C2CC2)CC1,6.00663614,FDA,OLAPARIB,L,1.0,0.964529,0.7822173007190056,80.0,0.7822173007190056,,,,,True,434.47100000000034,2.3474000000000004,86.37,1,4,4,3,0.3333333333333333,32,116.77720000000006,5,0.6830916301031819,0,0,1,1,1,1,-4.192582200000002,poor,0.187707379375,0.023750896425104043,1,1.0,0,medium,0,,,,,,0,0
272.3879999999999,3.609200000000002,40.46,2.0,2.0,0.0,1.0,0.6666666666666666,20.0,4.0,0.757169743555686,0,0.0,0,0.7110000000000001,0,fda_17,C[C@]12CC[C@@H]3c4ccc(O)cc4CC[C@H]3[C@@H]1CC[C@@H]2O,5.07554245,FDA,ESTRADIOL,S,1.0,0.99599624,0.7819319745978754,81.0,0.7819319745978754,,,,,True,272.3879999999999,3.6092000000000026,40.46,2,2,0,1,0.6666666666666666,20,78.73060000000005,4,0.757169743555686,0,0,1,1,1,1,-3.987601600000001,moderate,0.2537771225,0.8875884711002556,1,1.0,1,high,0,,,,,,0,0
434.5040000000002,2.466500000000001,100.90000000000002,2.0,6.0,3.0,0.0,0.7083333333333334,31.0,4.0,0.6621165611785135,0,0.0,0,0.2792857142857141,1,fda_245,CC(=O)OCC(=O)[C@@]1(O)[C@H](C)C[C@H]2[C@@H]3CCC4=CC(=O)C=C[C@]4(C)[C@@]3(F)[C@@H](O)C[C@@]21C,6.08486557,FDA,DEXAMETHASONE ACETATE,L,1.0,0.9948605,0.7815603056142794,82.0,0.7815603056142794,,,,,True,434.5040000000002,2.466500000000001,100.90000000000002,2,6,3,0,0.7083333333333334,31,109.49160000000003,4,0.6621165611785135,0,0,1,1,1,1,-3.889819800000002,moderate,0.19628598612903225,0.1359130224148301,1,1.0,0,medium,0,,,,,,0,0
380.35800000000006,2.6285000000000007,88.49000000000001,2.0,6.0,2.0,4.0,0.1578947368421052,28.0,5.0,0.5581669450324385,0,0.0,0,0.3679285714285714,0,fda_1927,Cn1ncnc1[C@H]1c2n[nH]c(=O)c3cc(F)cc(c23)N[C@@H]1c1ccc(F)cc1,6.31356573,FDA,TALAZOPARIB,M,1.0,0.9868486,0.781313788766012,83.0,0.781313788766012,,,,,True,380.35800000000006,2.6285000000000007,88.49000000000001,2,6,2,4,0.15789473684210525,28,97.9314,5,0.5581669450324385,0,0,1,1,1,1,-4.314174600000001,poor,0.22548449035714285,0.5176727188137288,1,1.0,0,medium,1,,,,,,0,0
412.65800000000024,6.6118000000000094,40.46,2.0,2.0,5.0,0.0,0.7142857142857143,30.0,3.0,0.4986560295856184,1,0.0,0,0.7110000000000001,0,fda_1417,C=C1/C(=C\C=C2/CCC[C@]3(C)[C@@H]([C@H](C)/C=C/[C@H](C)C(C)C)CC[C@@H]23)C[C@@H](O)C[C@@H]1O,5.89418602,FDA,DOXERCALCIFEROL,L,1.0,0.99794585,0.7812237468962868,84.0,0.7812237468962868,,,,,True,412.65800000000024,6.6118000000000094,40.46,2,2,5,0,0.7142857142857143,30,127.03160000000008,3,0.4986560295856184,0,1,0,1,0,0,-6.233913600000006,poor,0.19647286733333333,0.1383564253802448,0,0.3333333333333333,0,high,1,,,,,,0,0
217.26799999999992,1.771,46.17,1.0,2.0,2.0,1.0,0.3846153846153846,16.0,2.0,0.7672998421844797,0,0.0,0,0.6702142857142857,0,fda_161,CC[C@]1(c2ccccc2)CCC(=O)NC1=O,5.15297937,FDA,GLUTETHIMIDE,XS,1.0,0.9832267,0.7808169087750776,85.0,0.7808169087750776,,,,,True,217.26799999999992,1.771,46.17,1,2,2,1,0.38461538461538464,16,60.794700000000034,2,0.7672998421844797,0,1,1,1,0,1,-2.5407915999999995,moderate,0.322061210625,1.0,1,1.0,1,medium,0,,,,,,0,0
314.46900000000005,4.723500000000005,34.14,0.0,2.0,1.0,0.0,0.8095238095238095,23.0,4.0,0.7013194281770768,0,0.0,0,0.7561428571428571,0,fda_148,CC(=O)[C@H]1CC[C@H]2[C@@H]3CCC4=CC(=O)CC[C@]4(C)[C@H]3CC[C@]12C,5.15522957,FDA,PROGESTERONE,S,1.0,0.9978969,0.7807533017212843,86.0,0.7807533017212843,,,,,True,314.46900000000005,4.723500000000005,34.14,0,2,1,0,0.8095238095238095,23,90.88100000000006,4,0.7013194281770768,0,0,1,1,1,1,-4.6995128000000035,poor,0.22414041608695653,0.5000994424117854,1,1.0,0,high,1,,,,,,0,0
402.5310000000003,3.7717000000000023,80.67000000000002,1.0,5.0,4.0,0.0,0.7916666666666666,29.0,4.0,0.724146959959367,0,0.0,0,0.4237857142857142,0,fda_2004,CCC(=O)O[C@]1(C(=O)CO)CC[C@H]2[C@@H]3CCC4=CC(=O)CC[C@]4(C)[C@H]3CC[C@@]21C,5.62796259,FDA,CLASCOTERONE,L,-1.0,0.9964121,0.7807471366324088,87.0,0.7807471366324088,,,,,True,402.5310000000003,3.7717000000000027,80.67000000000002,1,5,4,0,0.7916666666666666,29,107.91680000000007,4,0.724146959959367,0,0,1,1,1,1,-4.447863200000003,poor,0.19406767551724138,0.10690942760532514,1,1.0,0,high,0,,,,,,0,0
285.43100000000004,3.8826000000000023,23.47,1.0,2.0,2.0,1.0,0.5789473684210527,21.0,3.0,0.8335259245753123,0,0.0,0,0.8323571428571429,0,fda_365,CC(C)=CCN1CC[C@]2(C)c3cc(O)ccc3C[C@H]1[C@H]2C,4.71326208,FDA,PENTAZOCINE,S,1.0,0.97362375,0.7803190225083038,88.0,0.7803190225083038,,,,,True,285.43100000000004,3.8826000000000027,23.47,1,2,2,1,0.5789473684210527,21,87.73580000000005,3,0.8335259245753123,0,1,1,1,1,1,-4.170376866666668,poor,0.22444105142857143,0.5040301388558582,1,1.0,1,high,0,,,,,,0,0
325.77400000000006,4.324220000000002,30.18,0.0,3.0,1.0,3.0,0.1111111111111111,23.0,4.0,0.654885085071007,0,0.0,0,0.7844285714285715,0,fda_529,Cc1ncc2n1-c1ccc(Cl)cc1C(c1ccccc1F)=NC2,5.56681395,FDA,MIDAZOLAM,M,1.0,0.9321466,0.7799140365728804,89.0,0.7799140365728804,,,,,True,325.77400000000006,4.324220000000002,30.18,0,3,1,3,0.1111111111111111,23,89.05400000000004,4,0.654885085071007,0,0,1,1,1,1,-5.0730574000000015,poor,0.2420353891304348,0.734069628787555,1,1.0,0,high,1,,,,,,0,0
360.5380000000002,5.166000000000006,43.370000000000005,0.0,3.0,2.0,0.0,0.9130434782608696,26.0,4.0,0.6384037243072085,1,0.0,0,0.6902142857142857,0,fda_1353,CCC(=O)O[C@H]1CC[C@H]2[C@@H]3CC[C@H]4CC(=O)[C@H](C)C[C@]4(C)[C@H]3CC[C@]12C,5.45416498,FDA,DROMOSTANOLONE PROPIONATE,M,1.0,0.9966558,0.7796125100678714,90.0,0.7796125100678714,,,,,True,360.5380000000002,5.166000000000006,43.370000000000005,0,3,2,0,0.9130434782608695,26,101.45200000000007,4,0.6384037243072085,0,0,0,1,1,1,-5.197915600000005,poor,0.20977557615384615,0.31228444720379783,1,0.6666666666666666,0,high,1,,,,,,0,0
372.5050000000002,4.266700000000004,60.440000000000005,0.0,4.0,3.0,0.0,0.782608695652174,27.0,4.0,0.6943873137939288,0,0.0,0,0.5682857142857143,0,fda_5,CC(=O)OCC(=O)[C@H]1CC[C@H]2[C@@H]3CCC4=CC(=O)CC[C@]4(C)[C@H]3CC[C@]12C,5.48502398,FDA,DESOXYCORTICOSTERONE ACETATE,M,1.0,0.9935813,0.7795942244982367,91.0,0.7795942244982367,,,,,True,372.5050000000002,4.266700000000004,60.440000000000005,0,4,3,0,0.782608695652174,27,101.84000000000006,4,0.6943873137939288,0,0,1,1,1,1,-4.639552000000003,poor,0.2031490362962963,0.22564487743577039,1,1.0,0,high,1,,,,,,0,0
296.41,4.029500000000003,34.14,0.0,2.0,0.0,0.0,0.6,22.0,4.0,0.6760895538895387,0,0.0,0,0.7561428571428571,0,fda_795,C=C1C[C@@H]2[C@H](CC[C@]3(C)C(=O)CC[C@@H]23)[C@@]2(C)C=CC(=O)C=C12,5.21221685,FDA,EXEMESTANE,S,1.0,0.99857867,0.7794209381875441,92.0,0.7794209381875441,,,,,True,296.41,4.029500000000003,34.14,0,2,0,0,0.6,22,86.14600000000004,4,0.6760895538895387,0,0,1,1,1,1,-4.2163270000000015,poor,0.23691894772727273,0.6671740405254197,1,1.0,0,high,1,,,,,,0,0
549.5530000000003,3.5306000000000024,104.29,2.0,5.0,4.0,3.0,0.3448275862068966,40.0,6.0,0.518443001557986,1,0.0,0,0.2550714285714285,1,fda_1949,C[C@@H]1[C@H](c2ccccc2)C[C@H](NC(=O)c2cnc3c(c2)C[C@@]2(C3)C(=O)Nc3ncccc32)C(=O)N1CC(F)(F)F,6.55305862,FDA,UBROGEPANT,XL,1.0,0.9946556,0.7791726529873259,93.0,0.7791726529873259,,,,,True,549.5530000000003,3.5306000000000024,104.29,2,5,4,3,0.3448275862068966,40,138.47389999999993,6,0.518443001557986,0,0,0,1,0,1,-5.577506600000003,poor,0.1638264655,0.0,1,0.6666666666666666,0,high,1,,,,,,0,0
351.47100000000006,4.431500000000004,39.19,0.0,4.0,2.0,2.0,0.3333333333333333,25.0,3.0,0.5925551443407949,0,0.0,0,0.7200714285714286,0,fda_763,CCOC(=O)c1ccc(C#Cc2ccc3c(c2)C(C)(C)CCS3)nc1,5.56277418,FDA,TAZAROTENE,M,1.0,0.99262434,0.7789069031228077,94.0,0.7789069031228077,,,,,True,351.47100000000006,4.431500000000004,39.19,0,4,2,2,0.3333333333333333,25,100.98250000000004,3,0.5925551443407949,0,1,1,1,1,1,-5.172298533333336,poor,0.2225109672,0.4787949979264691,1,1.0,0,high,1,,,,,,0,0
300.74500000000006,3.3712000000000018,40.620000000000005,0.0,2.0,1.0,2.0,0.125,21.0,3.0,0.7576569223589451,0,0.0,0,0.7098571428571427,0,fda_1525,CN1C(=O)CC(=O)N(c2ccccc2)c2cc(Cl)ccc21,5.46926641,FDA,CLOBAZAM,S,1.0,0.90501153,0.7788640684386386,95.0,0.7788640684386386,,,,,True,300.74500000000006,3.3712000000000018,40.620000000000005,0,2,1,2,0.125,21,83.06700000000002,3,0.7576569223589451,0,1,1,1,1,1,-4.255808333333335,poor,0.26044125761904763,0.9747195850755924,1,1.0,1,high,0,,,,,,0,0
327.46800000000013,4.1437000000000035,52.82000000000001,2.0,3.0,1.0,0.0,0.7619047619047619,24.0,4.0,0.4318395226667917,0,0.0,0,0.6227142857142857,0,fda_1423,C#C[C@]1(O)CC[C@H]2[C@@H]3CCC4=C/C(=N/O)CC[C@@H]4[C@H]3CC[C@@]21CC,6.27759552,FDA,NORELGESTROMIN,M,1.0,0.98452735,0.7786155459410008,96.0,0.7786155459410008,,,,,True,327.46800000000013,4.1437000000000035,52.82000000000001,2,3,1,0,0.7619047619047619,24,94.70730000000005,4,0.4318395226667917,0,4,1,1,1,1,-4.414832600000003,poor,0.26156648,0.9894314535732964,1,1.0,0,high,1,,,,,,0,0
419.62600000000026,3.779300000000003,80.59,2.0,4.0,5.0,0.0,0.9615384615384616,30.0,4.0,0.7105708435230718,0,0.0,0,0.4243571428571429,0,fda_1811,CC[C@H]1[C@@H](O)[C@@H]2[C@H](CC[C@]3(C)[C@@H]([C@H](C)CCC(=O)[O-])CC[C@@H]23)[C@@]2(C)CC[C@@H](O)C[C@@H]12,5.61609888,FDA,OBETICHOLIC ACID,L,-1.0,0.999218,0.7782002907013186,97.0,0.7782002907013186,,,,,True,419.62600000000026,3.7793000000000028,80.59,2,4,5,0,0.9615384615384616,30,115.18260000000008,4,0.7105708435230718,0,0,1,1,1,1,-4.492640200000003,poor,0.187203296,0.01716019182269256,1,1.0,0,high,0,,,,,,0,0
324.4640000000001,4.048700000000004,37.3,1.0,2.0,1.0,0.0,0.6818181818181818,24.0,4.0,0.5834905102158031,0,0.0,0,0.7335714285714285,0,fda_866,C#C[C@]1(O)CC[C@H]2[C@@H]3CCC4=CC(=O)CC[C@@H]4[C@H]3C(=C)C[C@@]21CC,5.52974701,FDA,ETONOGESTREL,M,1.0,0.99857545,0.7781955989893409,98.0,0.7781955989893409,,,,,True,324.4640000000001,4.048700000000004,37.3,1,2,1,0,0.6818181818181818,24,95.01580000000004,4,0.5834905102158031,0,2,1,1,1,1,-4.336357800000003,poor,0.2304061254166667,0.5820212858304296,1,1.0,0,high,1,,,,,,0,0
327.46800000000013,3.3656000000000015,43.7,2.0,3.0,2.0,1.0,0.7142857142857143,24.0,5.0,0.875191488403328,0,0.0,0,0.6878571428571428,0,fda_463,Oc1ccc2c(c1)[C@@]13CCCC[C@@]1(O)[C@@H](C2)N(CC1CCC1)CC3,4.78919744,FDA,BUTORPHANOL,M,-1.0,0.9681207,0.7772270802132362,99.0,0.7772270802132362,,,,,True,327.46800000000013,3.3656000000000015,43.7,2,3,2,1,0.7142857142857143,24,94.22560000000006,5,0.875191488403328,0,0,1,1,1,1,-4.006629600000002,poor,0.1995498933333333,0.178587407844086,1,1.0,1,high,0,,,,,,0,0
440.4110000000002,5.182000000000006,49.77,1.0,3.0,5.0,1.0,0.6956521739130435,29.0,4.0,0.6421337808881203,1,0.0,0,0.6445000000000001,0,fda_1559,C[C@]12CC[C@@H]3c4ccc(OC(=O)N(CCCl)CCCl)cc4CC[C@H]3[C@@H]1CC[C@@H]2O,5.51277685,FDA,ESTRAMUSTINE,L,-1.0,0.9876637,0.7766986212213864,100.0,0.7766986212213864,,,,,True,440.4110000000002,5.182000000000006,49.769999999999996,1,3,5,1,0.6956521739130435,29,116.10280000000007,4,0.6421337808881203,0,1,0,1,1,1,-5.690208200000003,poor,0.19009575344827587,0.054978008402401114,1,0.6666666666666666,0,high,1,,,,,,0,0
420.52800000000025,4.894080000000004,,,,,,,,,0.7645771813481718,0,,0,,0,3915,CC1CN(CCC1(C2=CC=CC=C2)C(=O)O)C3CCC(CC3)(C#N)C4=CC=C(C=C4)F,6.3975997,Natural,Cabastine,,,,,1.0,0.8376411,3915.0,Cabastine,0.99721307,0.8376411,True,420.52800000000025,4.894080000000004,64.33000000000001,1,3,4,2,0.46153846153846156,31,117.05680000000005,4,0.7645771813481718,0,0,1,1,1,1,-5.636544000000004,poor,0.20637418387096773,0.2678124949729336,1,1.0,0,high,1,,,,,,0,0
386.532,4.2419000000000056,,,,,,,,,0.7571997201055188,0,,0,,0,2464,CC12CCC(CC1CCC3C2CCC4(C3(CCC4C5=COC(=O)C=C5)O)C)O,6.60823202,Natural,"5-(3,14-dihydroxy-10,13-dimethyl-1,2,3,4,5,6,7,8,9,11,12,15,16,17-tetradecahydrocyclopenta[a]phenanthren-17-yl)pyran-2-one",,,,,2.0,0.8374857,2464.0,"5-(3,14-dihydroxy-10,13-dimethyl-1,2,3,4,5,6,7,8,9,11,12,15,16,17-tetradecahydrocyclopenta[a]phenanthren-17-yl)pyran-2-one",0.98277885,0.8374857,True,386.53200000000004,4.2419000000000056,70.67,2,4,1,1,0.7916666666666666,28,106.91260000000007,5,0.7571997201055188,0,0,1,1,1,1,-4.990895400000004,poor,0.23600828642857144,0.6552674792098667,1,1.0,0,high,1,,,,,,0,0
384.51600000000025,4.162000000000004,,,,,,,,,0.7133781183535943,0,,0,,0,10062,C[C@]12CCC3C([C@]1(CC[C@@H]2C4=COC(=O)C=C4)O)CCC5=C[C@H](CC[C@]35C)O,6.57420015,Natural,CHEMBL355996,,,,,3.0,0.8306968,10062.0,CHEMBL355996,0.98702466,0.8306968,True,384.51600000000025,4.162000000000004,70.67,2,4,1,1,0.7083333333333334,28,106.88860000000007,5,0.7133781183535943,0,1,1,1,1,1,-4.928059200000004,poor,0.2347928625,0.6393762586753341,1,1.0,0,high,1,,,,,,0,0
366.5010000000002,4.967200000000005,,,,,,,,,0.7635110974587134,0,,0,,0,11014,C[C@]12CCC3C([C@]1(CC[C@@H]2C4=COC(=O)C=C4)O)CC=C5[C@@]3(CCC=C5)C,6.15911818,Natural,545-51-7,,,,,4.0,0.8267062,11014.0,545-51-7,0.97214895,0.8267062,True,366.5010000000002,4.967200000000005,50.44,1,3,1,1,0.625,27,105.40480000000007,5,0.7635110974587134,0,0,1,1,1,1,-5.3236422000000045,poor,0.22811548814814817,0.5520720466037248,1,1.0,0,high,1,,,,,,0,0
467.65000000000026,4.413800000000005,,,,,,,,,0.686738022566705,0,,0,,0,2476,CC(C)(C)C(C)(C1CC23CCC1(C4C25CCN(C3CC6=C5C(=C(C=C6)O)O4)CC7CC7)OC)O,6.4269309,Natural,DTXSID60860647,,,,,5.0,0.825216,2476.0,DTXSID60860647,0.9864535,0.825216,True,467.65000000000026,4.413800000000005,62.16000000000001,2,5,4,1,0.7931034482758621,34,130.1996000000001,8,0.686738022566705,0,0,1,1,0,1,-5.3486240000000045,poor,0.18902737941176473,0.04100941108547786,1,1.0,0,high,1,,,,,,0,0
436.5960000000001,2.6045000000000007,,,,,,,,,0.728916467782487,0,,0,,0,20182,CC(C)(CO)N1CC2(CN(CC(C1)(C2=O)C3=CC=CC=C3)C(C)(C)CO)C4=CC=CC=C4,6.3024025,Natural,I.S. 3231,,,,,6.0,0.8250834,20182.0,I.S. 3231,0.9895635,0.8250834,True,436.5960000000001,2.6045000000000007,64.01,2,5,6,2,0.5185185185185185,32,126.72260000000006,4,0.728916467782487,0,0,1,1,1,1,-4.161730200000002,poor,0.196950078125,0.14459578084591138,1,1.0,1,medium,0,,,,,,0,0
443.6720000000003,4.276400000000005,,,,,,,,,0.5867428154307659,0,,0,,0,100290,C[C@H]1CC[C@H]2[C@@]([C@@]3(CC[C@@H]4[C@H]([C@@H]3CN2C1)C[C@H]5[C@H]4CC(=O)[C@@H]6[C@@]5(CC[C@@H](C6)O)C)C)(C)O,6.66394615,Natural,CID_100290,,,,,7.0,0.82169676,100290.0,CID_100290,0.9825575,0.82169676,True,443.6720000000003,4.276400000000005,60.77000000000001,2,4,0,0,0.9642857142857143,32,124.86960000000009,6,0.5867428154307659,0,0,1,1,1,1,-5.284898400000005,poor,0.2082483171875,0.2923160983199027,1,1.0,0,high,1,,,,,,0,0
386.23800000000017,3.748080000000002,,,,,,,,,0.7409196323373736,0,,0,,0,100758,C1=CC=C(C(=C1)C2=C(C(=O)N(N=C2C3=CC=CC=C3Cl)CCO)C#N)Cl,6.63462973,Natural,75660-48-9,,,,,8.0,0.82095784,100758.0,75660-48-9,0.95557904,0.82095784,True,386.23800000000017,3.748080000000002,78.91,1,5,4,3,0.10526315789473684,26,101.18980000000002,3,0.7409196323373736,0,0,1,1,1,1,-5.071966000000002,poor,0.25517806653846153,0.9059052987917242,1,1.0,1,high,0,,,,,,0,0
406.6070000000002,4.8680000000000065,,,,,,,,,0.6224275306903821,0,,0,,0,2705,CC(CCC(=O)O)C1CCCC2C1(CCC3C2C(CC4C3(CCC(C4)O)C)O)C,6.67316389,Natural,CID_2705,,,,,9.0,0.81825393,2705.0,CID_2705,0.9907843,0.81825393,True,406.6070000000002,4.8680000000000065,77.76,3,3,4,0,0.96,29,113.26440000000008,4,0.6224275306903821,0,0,1,1,1,1,-5.163803400000005,poor,0.2301090996551724,0.5781377833179431,1,1.0,0,high,1,,,,,,0,0
332.4840000000001,3.774200000000003,,,,,,,,,0.7949586169339063,0,,0,,0,101789,CC(=O)[C@H]1CC[C@@H]2[C@@]1(CC(=O)[C@H]3[C@H]2CC[C@@H]4[C@@]3(CC[C@@H](C4)O)C)C,6.18049812,Natural,600-59-9,,,,,10.0,0.81818575,101789.0,600-59-9,0.93929356,0.81818575,True,332.4840000000001,3.774200000000003,54.370000000000005,1,3,1,0,0.9047619047619048,24,92.29480000000005,4,0.7949586169339063,0,0,1,1,1,1,-4.213146800000002,poor,0.257520755,0.9365350882099474,1,1.0,1,high,0,,,,,,0,0
402.5310000000003,3.356800000000003,,,,,,,,,0.6700610881705871,0,,0,,1,10120,C[C@]12CCC3C([C@]1(CC[C@@H]2C4=COC(=O)C=C4)O)CC[C@]5([C@@]3(CC[C@@H](C5)O)C)O,6.75614023,Natural,CID_10120,,,,,11.0,0.8181015,10120.0,CID_10120,0.9848969,0.8181015,True,402.5310000000003,3.356800000000003,90.9,3,5,1,1,0.7916666666666666,29,108.37240000000007,5,0.6700610881705871,0,0,1,1,1,1,-4.532476200000004,poor,0.23297035275862069,0.6155476145736556,1,1.0,0,high,0,,,,,,0,0
390.5200000000002,3.949500000000003,,,,,,,,,0.6953899983409009,0,,0,,0,2854,CCC(C)C(=O)OC1CCC=C2C1C(C(C=C2)C)CCC3CC(CC(=O)O3)O,6.44188452,Natural,"[8-[2-(4-hydroxy-6-oxooxan-2-yl)ethyl]-7-methyl-1,2,3,7,8,8a-hexahydronaphthalen-1-yl] 2-methylbutanoate",,,,,12.0,0.8164314,2854.0,"[8-[2-(4-hydroxy-6-oxooxan-2-yl)ethyl]-7-methyl-1,2,3,7,8,8a-hexahydronaphthalen-1-yl] 2-methylbutanoate",0.97728604,0.8164314,True,390.5200000000002,3.9495000000000036,72.83000000000001,1,5,6,0,0.7391304347826086,28,106.29080000000006,3,0.6953899983409009,0,0,1,1,1,1,-4.353409000000004,poor,0.23006730428571429,0.5775913242448839,1,1.0,0,high,0,,,,,,0,0
334.50000000000006,3.710100000000004,,,,,,,,,0.7683828059012026,0,,0,,0,101773,CC(=O)[C@]1(CC[C@@H]2[C@@]1(CC[C@H]3[C@H]2CC[C@H]4[C@@]3(CC[C@H](C4)O)C)C)O,6.26370096,Natural,570-52-5,,,,,13.0,0.81610245,101773.0,570-52-5,0.93929356,0.81610245,True,334.50000000000006,3.7101000000000037,57.53,2,3,1,0,0.9523809523809523,24,93.36460000000005,4,0.7683828059012026,0,0,1,1,1,1,-4.185263000000003,poor,0.26098754,0.9818620261496689,1,1.0,1,high,0,,,,,,0,0
377.4480000000002,2.365,,,,,,,,,0.6942459073118474,0,,0,,0,100494,C1COCCN1C2=NN=C(C3=CN=C(C=C32)C4=CC=CC=C4)N5CCOCC5,6.34752893,Natural,39632-88-7,,,,,14.0,0.81501055,100494.0,39632-88-7,0.96837974,0.81501055,True,377.4480000000002,2.365,63.61,0,7,3,3,0.38095238095238093,28,108.83300000000004,5,0.6942459073118474,0,0,1,1,1,1,-3.9161276000000016,moderate,0.2266974617857143,0.5335318738133934,1,1.0,1,medium,0,,,,,,0,0
404.54700000000025,4.195500000000004,,,,,,,,,0.671999391844661,0,,0,,0,3962,CCC(C)C(=O)OC1CC(C=C2C1C(C(C=C2)C)CCC3CC(CC(=O)O3)O)C,6.45099497,Natural,79952-43-5,,,,,15.0,0.81328195,3962.0,79952-43-5,0.9770106,0.81328195,True,404.54700000000025,4.195500000000004,72.83000000000001,1,5,6,0,0.75,29,110.83780000000007,3,0.671999391844661,0,0,1,1,1,1,-4.5953564000000044,poor,0.2224481024137931,0.4779730639839276,1,1.0,0,high,1,,,,,,0,0
391.4740000000001,4.878100000000003,,,,,,,,,0.4871624324764735,0,,0,,0,3932,C1=CC=C(C=C1)N2C3=CC=CC=C3C(C2=O)(CC4=CC=NC=C4)CC5=CC=NC=C5,6.48609924,Natural,Linopirdine,,,,,16.0,0.81034833,3932.0,Linopirdine,0.9882583,0.81034833,True,391.47400000000005,4.878100000000003,46.09,0,3,5,4,0.11538461538461539,30,117.59000000000002,5,0.4871624324764735,0,0,1,1,1,1,-5.602341800000002,poor,0.21620330799999998,0.3963246753932541,1,1.0,0,high,2,,,,,,1,0
381.3790000000001,3.5139200000000015,,,,,,,,,0.7541053298167572,0,,0,,0,2662,CC1=CC=C(C=C1)C2=CC(=NN2C3=CC=C(C=C3)S(=O)(=O)N)C(F)(F)F,6.36811304,Natural,celecoxib,,,,,17.0,0.8088706,2662.0,celecoxib,0.9515689,0.8088706,True,381.3790000000001,3.5139200000000015,77.98,1,4,3,3,0.11764705882352941,26,90.11220000000003,3,0.7541053298167572,0,0,1,1,1,1,-4.960319400000001,poor,0.2449274246153846,0.7718819283520771,1,1.0,1,high,0,,,,,,0,0
392.58000000000015,4.477900000000006,,,,,,,,,0.659162096020487,0,,0,,0,2987,CC(CCC(=O)O)C1CCC2C1(C(CC3C2CCC4C3(CCC(C4)O)C)O)C,6.35324717,Natural,30635-00-8,,,,,18.0,0.8076402,2987.0,30635-00-8,0.99041814,0.8076402,True,392.58000000000015,4.477900000000006,77.76,3,3,4,0,0.9583333333333334,28,108.64740000000008,4,0.659162096020487,0,0,1,1,1,1,-4.831073000000004,poor,0.22690168464285715,0.5362020125071938,1,1.0,0,high,1,,,,,,0,0
387.43500000000006,4.221000000000003,,,,,,,,,0.6639930146317803,0,,0,,0,100105,C1=CC=C(C=C1)CC(C(=O)O)NC(=O)OCC2C3=CC=CC=C3C4=CC=CC=C24,6.28781652,Natural,EINECS 252-661-1,,,,,19.0,0.8075028,100105.0,EINECS 252-661-1,0.9929557,0.8075028,True,387.43500000000006,4.221000000000003,75.63000000000001,2,3,6,3,0.16666666666666666,29,109.77450000000003,4,0.6639930146317803,0,0,1,1,1,1,-5.060327000000002,poor,0.21682125931034482,0.40440416134169627,1,1.0,0,high,1,,,,,,0,0
380.235,4.085300000000001,,,,,,,,,0.744711402546455,0,,0,,0,100668,CCOC(=O)NC1=NC(=C2C(=C1)NCC(=N2)C3=C(C=C(C=C3)Cl)Cl)N,6.39904833,Natural,NSC341931,,,,,20.0,0.7987251,100668.0,NSC341931,0.97045374,0.7987251,True,380.235,4.085300000000001,101.63,3,6,3,2,0.1875,25,100.44279999999999,3,0.744711402546455,0,0,1,1,1,1,-5.066529333333333,poor,0.2559619332,0.9161540668925929,1,1.0,0,high,1,,,,,,0,0
374.4440000000002,2.9492400000000014,,,,,,,,,0.5536270865210524,0,,0,,0,10604,CC1=C(C(=O)N(N1C)C2=CC=CC=C2)C3=C(N(N(C3=O)C4=CC=CC=C4)C)C,6.17072535,Natural,Forbisen,,,,,21.0,0.7984923,10604.0,Forbisen,0.98680985,0.7984923,True,374.44400000000013,2.9492400000000014,53.86,0,6,3,4,0.18181818181818182,28,110.48800000000001,4,0.5536270865210524,0,0,1,1,1,1,-4.561574000000001,poor,0.2203830482142857,0.45097324035966696,1,1.0,1,medium,1,,,,,,0,0
402.53100000000006,3.2127000000000026,,,,,,,,,0.670976049268673,0,,0,,1,10053,C[C@]12CC[C@@H](C[C@H]1CCC3C2[C@@H](C[C@]4([C@@]3(CC[C@@H]4C5=COC(=O)C=C5)O)C)O)O,6.34119177,Natural,Gamabufotalin (Gamabufagin; Gamabufogenin),,,,,22.0,0.7972792,10053.0,Gamabufotalin (Gamabufagin; Gamabufogenin),0.9842907,0.7972792,True,402.53100000000006,3.2127000000000026,90.9,3,5,1,1,0.7916666666666666,29,108.30240000000008,5,0.670976049268673,0,0,1,1,1,1,-4.441693200000001,poor,0.2186617851724138,0.42846835959063656,1,1.0,0,high,0,,,,,,0,0
494.55800000000016,5.203700000000008,,,,,,,,,0.4550612360953845,1,,0,,0,201522,C[C@H]1CC[C@@H]2[C@H]([C@H]3[C@@H](N2C1)C[C@@H]4[C@@]3([C@H](C[C@H]5[C@H]4CC=C6[C@@]5(CC[C@@H](C6)O)C)O)C)C.Br,6.30044508,Natural,Rubijervine hydrobromide,,,,,23.0,0.79656875,201522.0,Rubijervine hydrobromide,0.9842902,0.79656875,True,494.55800000000016,5.203700000000008,43.7,2,3,0,0,0.9259259259259259,31,130.13860000000008,6,0.4550612360953845,0,1,0,1,0,1,-6.184590600000006,poor,0.20324016387096774,0.2268363369354884,1,0.6666666666666666,0,high,1,,,,,,0,0
402.53100000000006,3.212700000000003,,,,,,,,,0.670976049268673,0,,0,,1,10059,C[C@]12CC[C@@H](C[C@H]1CCC3C2CC[C@]4([C@@]3(C[C@@H]([C@@H]4C5=COC(=O)C=C5)O)O)C)O,6.30542803,Natural,CID_10059,,,,,24.0,0.79617184,10059.0,CID_10059,0.9862359,0.79617184,True,402.53100000000006,3.212700000000003,90.9,3,5,1,1,0.7916666666666666,29,108.30240000000008,5,0.670976049268673,0,0,1,1,1,1,-4.441693200000002,poor,0.2174285527586207,0.4123442996661668,1,1.0,0,high,0,,,,,,0,0
364.4820000000001,1.8615,,,,,,,,,0.6951765101457498,0,,0,,0,10592,CC12CCC(=O)CC1CCC3C2C(CC4(C3CC[C@@]4(C(=O)CO)O)C)O,6.74105263,Natural,CID_10592,,,,,25.0,0.7956947,10592.0,CID_10592,0.92028946,0.7956947,True,364.4820000000001,1.8615,94.83000000000001,3,5,2,0,0.9047619047619048,26,95.16640000000004,4,0.6951765101457498,0,0,1,1,1,1,-3.1405334000000003,moderate,0.25927125500000003,0.9594222314459668,1,1.0,0,medium,0,,,,,,0,0
430.62900000000025,4.719100000000006,,,,,,,,,0.5981089616553789,0,,0,,0,101688,CC(CCC(=O)C(C)C1C(=O)CC2C1(CCC3C2CC=C4C3(CCC(C4)O)C)C)CO,6.12115812,Natural,"3-hydroxy-17-(7-hydroxy-6-methyl-3-oxoheptan-2-yl)-10,13-dimethyl-1,2,3,4,7,8,9,11,12,14,15,17-dodecahydrocyclopenta[a]phenanthren-16-one",,,,,26.0,0.79101,101688.0,"3-hydroxy-17-(7-hydroxy-6-methyl-3-oxoheptan-2-yl)-10,13-dimethyl-1,2,3,4,7,8,9,11,12,14,15,17-dodecahydrocyclopenta[a]phenanthren-16-one",0.99577576,0.79101,True,430.62900000000025,4.719100000000006,74.60000000000001,2,4,6,0,0.8518518518518519,31,121.24460000000008,4,0.5981089616553789,0,1,1,1,1,1,-5.086932800000006,poor,0.1974567135483871,0.15121985254171327,1,1.0,0,high,1,,,,,,0,0
433.5480000000002,2.628700000000002,,,,,,,,,0.5543834281233575,0,,0,,0,201157,C[C@@]12C[C@@H](CC34[C@@H]1[C@H]5CC67[C@H]3[C@H](C(C[C@@H]6C4N5C2)C(=C)[C@H]7O)O)OC(=O)C8=CC=CC=C8,6.14699793,Natural,CID_201157,,,,,27.0,0.78870785,201157.0,CID_201157,0.99485826,0.78870785,True,433.5480000000002,2.628700000000002,70.0,2,5,2,1,0.6666666666666666,32,116.48210000000002,10,0.5543834281233575,0,1,1,1,1,1,-4.126078600000002,poor,0.1920936853125,0.08110023219691946,1,1.0,1,medium,0,,,,,,0,0
316.441,3.639300000000003,,,,,,,,,0.8314823955760107,0,,0,,0,2516,CC12CCC3=C(C1CCC45C2CCC(C4)C(C5)(CO)O)C=CO3,6.30056572,Natural,"7-(hydroxymethyl)-10b-methyl-3b,4,5,6,7,8,9,10,10a,10b,11,12-dodecahydro-5a,8-methanocyclohepta[5,6]naphtho[2,1-b]furan-7-ol",,,,,28.0,0.7869977,2516.0,"7-(hydroxymethyl)-10b-methyl-3b,4,5,6,7,8,9,10,10a,10b,11,12-dodecahydro-5a,8-methanocyclohepta[5,6]naphtho[2,1-b]furan-7-ol",0.81580764,0.7869977,True,316.441,3.639300000000003,53.6,2,3,1,1,0.8,23,87.02760000000005,5,0.8314823955760107,0,0,1,1,1,1,-4.176693200000002,poor,0.27393764,1.0,1,1.0,1,high,0,,,,,,0,0
444.56800000000015,3.783500000000004,,,,,,,,,0.6740200731700228,0,,0,,1,10119,CC(=O)O[C@H]1C[C@@]2(C3CC[C@@H]4C[C@H](CC[C@@]4(C3CC[C@@]2([C@H]1C5=COC(=O)C=C5)C)C)O)O,6.11719084,Natural,Bufotaline,,,,,29.0,0.78583616,10119.0,Bufotaline,0.9946795,0.78583616,True,444.56800000000015,3.783500000000004,96.97,2,6,2,1,0.7692307692307693,32,117.84960000000007,5,0.6740200731700228,0,0,1,1,1,1,-4.995926600000003,poor,0.19116221375,0.06892158434132617,1,1.0,0,high,0,,,,,,0,0
388.4230000000001,2.8815999999999997,,,,,,,,,0.5204091213299294,0,,0,,0,51724,COC1=CC2=C(C=C1)N(C(=O)C2(C3=CC=CC=C3)C4=CC=CC=C4)CC(=O)NO,6.29585457,Natural,72935-75-2,,,,,30.0,0.78405285,51724.0,72935-75-2,0.9929557,0.78405285,True,388.4230000000001,2.8815999999999997,78.87,2,4,5,3,0.13043478260869565,29,108.04220000000004,4,0.5204091213299294,0,2,1,1,1,1,-4.2886306,poor,0.21709843344827587,0.40802811118239773,1,1.0,1,medium,0,,,,,,0,0
362.41,4.777700000000002,,,,,,,,,0.553147901711654,0,,0,,0,401474,C1=CC=C2C(=C1)N=C(C(=N2)OC3=CC=C(C=C3)CC(=O)O)C4=CC=CS4,6.12988806,Natural,NSC715132,,,,,31.0,0.7801848,401474.0,NSC715132,0.9781949,0.7801848,True,362.41,4.777700000000002,72.31,1,5,5,4,0.05,26,100.70680000000003,4,0.553147901711654,0,0,1,1,1,1,-5.506893000000002,poor,0.23576492538461538,0.6520856231281247,1,1.0,0,high,2,,,,,,1,0
455.106,4.621200000000003,,,,,,,,,0.5598057879274677,0,,0,,0,3796,COC1=C(C=C2C(=C1)C(=NC=N2)NC3=CC(=C(C(=C3)Br)O)Br)OC,6.38167953,Natural,WHI-P97,,,,,32.0,0.7801256,3796.0,WHI-P97,0.9477532,0.7801256,True,455.106,4.621200000000003,76.50000000000001,2,6,4,3,0.125,24,99.43150000000001,3,0.5598057879274677,0,1,1,1,1,1,-6.049013200000002,poor,0.26590331375000004,1.0,1,1.0,0,high,1,,,,,,0,0
498.4070000000001,4.648100000000004,,,,,,,,,0.516153187114683,0,,0,,1,100059,CC(C)NC(=O)OCC1=C2CC(CN2C(=C1COC(=O)NC(C)C)C3=CC(=C(C=C3)Cl)Cl)O,6.51528549,Natural,86422-04-0,,,,,33.0,0.77707297,100059.0,86422-04-0,0.99032634,0.77707297,True,498.4070000000001,4.648100000000004,101.82000000000001,3,6,7,2,0.4782608695652174,33,126.51220000000002,3,0.516153187114683,0,0,1,1,0,1,-5.889759733333336,poor,0.19743289363636363,0.15090841595882246,1,1.0,0,high,1,,,,,,0,0
424.5080000000001,4.2306000000000035,,,,,,,,,0.4036681383375293,0,,0,,0,2392,CN1CCN(CC1)C2=CC3=C(C=C2)N=C(N3)C4=CC5=C(C=C4)N=C(N5)C6=CC=C(C=C6)O,6.57297707,Natural,Pibenzimol,,,,,34.0,0.77616954,2392.0,Pibenzimol,0.9914869,0.77616954,True,424.5080000000001,4.2306000000000035,84.07,3,5,3,5,0.2,32,127.9922,6,0.4036681383375293,0,0,1,1,1,1,-5.5558942666666695,poor,0.2054055334375,0.2551477470629607,1,1.0,0,high,2,,,,,,1,0
416.5580000000003,4.9310000000000045,,,,,,,,,0.5075442255173991,0,,0,,0,20728,CC(=O)C1CCC2C1(CCC3C2CC=C4C3(CCC(C4)OC(=O)CCC(=O)O)C)C,6.15827703,Natural,NS00031576,,,,,35.0,0.7739014,20728.0,NS00031576,0.99279237,0.7739014,True,416.5580000000003,4.9310000000000045,80.67,1,4,5,0,0.8,30,112.62380000000009,4,0.5075442255173991,0,1,1,1,1,1,-5.199189600000004,poor,0.20527590099999998,0.2534528506533078,1,1.0,0,high,1,,,,,,0,0
336.516,3.5019000000000036,,,,,,,,,0.6866507227267616,0,,0,,0,101967,C[C@@H]([C@]1(CC[C@@H]2[C@@]1(CC[C@H]3[C@H]2CC[C@H]4[C@@]3(CC[C@H](C4)O)C)C)O)O,6.31255388,Natural,PREGNANETRIOL,,,,,36.0,0.77237,101967.0,PREGNANETRIOL,0.84884197,0.77237,True,336.516,3.5019000000000036,60.69,3,3,1,0,1.0,24,94.36440000000006,4,0.6866507227267616,0,0,1,1,1,1,-4.066596200000002,poor,0.2630230783333333,1.0,1,1.0,1,high,0,,,,,,0,0
486.57200000000046,0.8910000000000009,,,,,,,,,0.5096491546285978,0,,0,,0,100718,C1CCN(CC1)CC#CCN2C(=O)C3=CC4=C(C=C3C2=O)C(=O)N(C4=O)CC#CCN5CCCCC5,6.20655298,Natural,8IU5EE8ZMA,,,,,37.0,0.76936126,100718.0,8IU5EE8ZMA,0.98008305,0.76936126,True,486.57200000000046,0.8910000000000009,84.61999999999999,0,8,4,3,0.5,36,141.0199999999999,5,0.5096491546285978,0,1,1,1,0,1,-3.5980764000000036,moderate,0.17240424944444444,0.0,1,1.0,0,low,0,,,,,,0,0
336.3950000000001,3.895400000000003,,,,,,,,,0.5353703191349316,0,,0,,0,201120,C1CCN(CC1)CC2=C(N=C3N2C=CC=C3)C4=CC=C(C=C4)[N+](=O)[O-],6.20483351,Natural,"Imidazo(1,2-a)pyridine, 2-(p-nitrophenyl)-3-(piperidinomethyl)-",,,,,38.0,0.7618953,201120.0,"Imidazo(1,2-a)pyridine, 2-(p-nitrophenyl)-3-(piperidinomethyl)-",0.9052394,0.7618953,True,336.3950000000001,3.895400000000003,63.68000000000001,0,5,4,3,0.3157894736842105,25,96.41040000000007,4,0.5353703191349316,0,2,1,1,1,1,-4.670751000000002,poor,0.24819334040000002,0.8145825752296938,1,1.0,0,high,0,,,,,,0,0
486.3110000000004,4.163780000000003,,,,,,,,,0.4745695533064382,0,,0,,1,100760,C1=CC(=CC=C1C2=C(C(=O)N(N=C2C3=CC=C(C=C3)Cl)CCOC(=O)CCC(=O)O)C#N)Cl,6.55109596,Natural,82232-19-7,,,,,39.0,0.7579857,100760.0,82232-19-7,0.9902524,0.7579857,True,486.3110000000004,4.163780000000003,122.28,1,7,8,3,0.17391304347826086,33,121.93280000000004,3,0.4745695533064382,0,0,1,1,0,1,-5.690309600000004,poor,0.19851805939393938,0.16509655884854493,1,1.0,0,high,1,,,,,,0,0
434.5180000000003,2.794620000000001,,,,,,,,,0.6408036026518218,0,,0,,1,100442,CC1=CC(=NO1)C(=O)NC(C)C2=CC=C(C=C2)S(=O)(=O)NC(=O)NC3CCCCC3,6.15105057,Natural,24488-96-8,,,,,40.0,0.7574493,100442.0,24488-96-8,0.99119747,0.7574493,True,434.5180000000003,2.794620000000001,130.4,3,6,6,2,0.45,30,109.28940000000006,3,0.6408036026518218,0,0,1,1,1,1,-4.391955533333336,poor,0.20503501899999999,0.2503034071588898,1,1.0,0,medium,0,,,,,,0,0
481.4830000000002,4.777500000000003,,,,,,,,,0.3457170759869399,0,,0,,1,400715,C1CN(C[C@H]1N)C2=C(C=C3C4=C2OC5=C(N4C=C(C3=O)C(=O)O)C=C6C=CC7=CC=CC=C7C6=C5)F,6.49277687,Natural,713079-03-9,,,,,41.0,0.7557722,400715.0,713079-03-9,0.99750215,0.7557722,True,481.4830000000002,4.777500000000003,97.79,2,6,2,5,0.14285714285714285,36,136.35369999999992,7,0.3457170759869399,0,1,1,1,0,1,-6.231591028571431,poor,0.18035491305555557,0.0,1,1.0,0,high,2,,,,,,1,0
339.3990000000001,3.395340000000001,,,,,,,,,0.7953362014764914,0,,0,,0,100679,CCOC(=O)NC1=NC(=C2C(=C1)NCC(=N2)C3=CC(=C(C=C3)C)C)N,6.14382362,Natural,82585-94-2,,,,,42.0,0.7532124,100679.0,82585-94-2,0.8551817,0.7532124,True,339.3990000000001,3.395340000000001,101.63,3,6,3,2,0.2777777777777778,25,99.89680000000001,3,0.7953362014764914,0,0,1,1,1,1,-4.378671333333335,poor,0.2457529448,0.7826753009367772,1,1.0,0,high,0,,,,,,0,0
382.38000000000005,3.0143200000000014,,,,,,,,,0.5435122884276532,0,,0,,0,100354,CC1=NC2=C(C(=C(C=C2N1)[N+](=O)[O-])N3CCN(CC3)C4=CC=CC=C4)[N+](=O)[O-],6.15786219,Natural,72766-24-6,,,,,43.0,0.7482624,100354.0,72766-24-6,0.98738664,0.7482624,True,382.38000000000005,3.0143200000000014,121.44,1,7,4,3,0.2777777777777778,28,105.00750000000002,4,0.5435122884276532,0,2,1,1,1,1,-4.4007776000000005,poor,0.21992364964285716,0.44496677311790317,1,1.0,0,high,0,,,,,,0,0
467.4810000000002,3.655100000000003,,,,,,,,,0.3671668610956925,0,,0,,1,3813,CC12C(CC(O1)N3C4=CC=CC=C4C5=C6C(=C7C8=CC=CC=C8N2C7=C53)CNC6=O)(C(=O)OC)O,6.11614037,Natural,97161-97-2,,,,,44.0,0.74175096,3813.0,97161-97-2,0.99578863,0.74175096,True,467.4810000000002,3.655100000000003,94.72,2,7,1,5,0.25925925925925924,35,128.96900000000008,8,0.3671668610956925,0,0,1,1,1,1,-5.437595200000003,poor,0.17474686771428571,0.0,1,1.0,0,high,1,,,,,,0,0
449.51700000000017,4.429600000000003,,,,,,,,,0.3429031512160089,0,,0,,1,3536,C1=CC=NC(=C1)NS(=O)(=O)C2=CC=C(C=C2)N=CC3=C(NC4=C3C5=C(C=C4)N=CS5)O,6.39031744,Natural,GW-8510,,,,,45.0,0.73268306,3536.0,GW-8510,0.9933763,0.73268306,True,449.51700000000017,4.429600000000003,120.33000000000001,3,7,5,5,0.0,31,121.88300000000002,5,0.34290315121600895,0,1,1,1,1,1,-5.827653400000003,poor,0.2061392722580645,0.26474111209243056,1,1.0,0,high,2,,,,,,1,0
465.63100000000026,2.5649000000000015,,,,,,,,,0.4102900871309047,0,,0,,1,755,CC(CCC(=O)NCC(=O)O)C1CCC2C1(C(CC3C2C(CC4C3(CCC(C4)O)C)O)O)C,6.28736496,Natural,Urosodeoxycholic Acid Impurity 11,,,,,46.0,0.7324514,755.0,Urosodeoxycholic Acid Impurity 11,0.9923375,0.7324514,True,465.63100000000026,2.5649000000000015,127.09000000000002,5,5,6,0,0.9230769230769231,33,123.0469000000001,4,0.41029008713090476,0,0,1,1,1,1,-3.9467992000000027,moderate,0.1905262109090909,0.06060608127454415,1,1.0,0,medium,0,,,,,,0,0
387.87,1.26,,,,,,,,,0.7321819270124919,0,,0,,0,2348,C1=CC=C(C=C1)CC2NC3=CC(=C(C=C3S(=O)(=O)N2)S(=O)(=O)N)Cl,6.16712999,Natural,benzylhydrochlorothiazide,,,,,47.0,0.7195105,2348.0,benzylhydrochlorothiazide,0.81677014,0.7195105,True,387.87,1.26,118.36,3,5,3,2,0.14285714285714285,24,90.70340000000002,3,0.7321819270124919,0,0,1,1,1,1,-3.333927333333333,moderate,0.25696374958333335,0.9292524473904741,1,1.0,0,medium,0,,,,,,0,0
344.2750000000001,2.1734000000000004,,,,,,,,,0.4448579990629538,0,,0,,0,100626,COC1=CC2=C(OC3=C(C(=O)C=C4C3=C2C(=C1OC)OC4=O)OC)O,6.17116404,Natural,CID_100626,,,,,48.0,0.7015454,100626.0,CID_100626,0.8675549,0.7015454,True,344.2750000000001,2.1734000000000004,108.34,1,8,3,2,0.17647058823529413,25,87.65480000000004,4,0.4448579990629538,0,2,1,1,1,1,-3.5157470000000006,moderate,0.2468465616,0.7969739380958267,1,1.0,0,medium,0,,,,,,0,0
456.43400000000025,1.8984199999999996,,,,,,,,,0.2028957452803443,0,,0,,1,400954,CCOC1=C(C=C2C(=C1)N(C(=NC3=CC4=C(C=C3)N=NN4CC(=O)OCC)C(=[N+]2[O-])C)O)F,6.13017082,Natural,CID_400954,,,,,49.0,0.69020385,400954.0,CID_400954,0.99033713,0.69020385,True,456.43400000000025,1.8984199999999996,130.7,1,10,6,4,0.2857142857142857,33,113.33050000000006,4,0.20289574528034438,0,3,1,1,1,1,-4.2098954000000015,poor,0.18576275212121213,0.0,1,1.0,0,medium,1,,,,,,0,0
362.26700000000005,4.544380000000004,,,,,,,,,0.8110702312778821,0,,0,,0,3790,CC1=C(C(=C(C(=C1CONC(=O)C2=CC=CC=C2)C)C)Br)C,6.28717375,Natural,HDInhib_000075,,,,,50.0,0.65325063,3790.0,HDInhib_000075,0.41317135,0.65325063,True,362.26700000000005,4.544380000000004,38.33,1,2,4,2,0.2777777777777778,22,91.78720000000004,2,0.8110702312778821,0,1,1,1,1,1,-5.425014800000002,poor,0.285780625,1.0,1,1.0,0,high,1,,,,,,0,0
