sim_id,mutant,ligand,rep,temp_mean,temp_std,temp_min,temp_max,pe_mean,pe_std,te_mean,te_std,n_points,status
1,G908R,febuxostat,1,311.1301246410799,0.6389717003846589,308.3843790161235,313.74247314853926,-3519950.657769429,1879.9712087526239,-2945920.7387710693,2264.594130269016,2000,STABLE
2,G908R,febuxostat,2,311.1575539053334,0.6620024394397652,309.13002313877547,313.32979196423184,-3519787.418176256,1930.2237960973948,-2945706.89264034,2291.4392195014616,2000,STABLE
3,G908R,febuxostat,3,311.1465493376399,0.6559327927174711,309.1816908792628,313.25492473517255,-3519959.3980295174,1914.2932782322,-2945899.175738455,2293.529138127036,2000,STABLE
4,G908R,natural,1,311.1016181061042,0.6678041348300542,308.4088423735262,313.12815518794565,-3488006.2605679887,1851.3477690709055,-2918805.1715363413,2206.0358327909266,2000,STABLE
5,G908R,natural,2,311.1505260054576,0.6525269396797008,309.0412984926999,313.5957875380264,-3488421.6155513055,1898.1155199594307,-2919131.043122742,2265.2316320125346,2000,STABLE
6,G908R,natural,3,311.1498489270115,0.6763639782926031,308.664439874369,313.3301949115802,-3488486.178374699,1871.1976505594225,-2919196.844749685,2255.2326799897087,2000,STABLE
7,R702W,febuxostat,1,311.1456075652807,0.6730519383623689,309.02501066614485,313.2054612021602,-3519069.0768942228,1904.0544074443153,-2945020.940191632,2299.3199101049413,2000,STABLE
8,R702W,febuxostat,2,311.1569687186377,0.6652169837540325,309.1316644037681,313.93335592142864,-3519678.071110877,1818.1067028220796,-2945601.212337692,2198.3957962780655,2000,STABLE
9,R702W,febuxostat,3,311.1515086980017,0.6664443101343649,309.23542027670726,313.4198559113469,-3519415.291846212,1888.0321501594308,-2945340.745502371,2258.4130281272446,2000,STABLE
10,R702W,natural,1,311.149831885736,0.6747385091943032,308.7141950626623,313.8222948704016,-3487912.1342810155,1903.3489038993896,-2918664.224533577,2276.8384797266303,2000,STABLE
11,R702W,natural,2,311.1400487261063,0.6641906308984821,308.9905031337766,313.52798188265274,-3487523.9370862585,1942.8299084079265,-2918301.6864940235,2285.8383224810136,1945,STABLE
12,R702W,natural,3,311.1189499908133,0.6624544500270332,309.17869737682696,314.1157075752573,-3487927.4482497396,1954.245811491702,-2918743.797219462,2322.4414039405506,2000,STABLE
