sim_id,mutant,ligand,rep,mean_dist,std_dist,max_dist,drift,status
1,G908R,febuxostat,1,31.19587846017408,7.193074634013257,49.49395691497084,11.877312004072593,SIGNIFICANT_DRIFT
2,G908R,febuxostat,2,39.39016019141694,15.53011480855502,63.506684023449665,35.35595423174409,SIGNIFICANT_DRIFT
3,G908R,febuxostat,3,21.47065601729888,13.758452771443741,59.05807964638516,19.2074970165538,SIGNIFICANT_DRIFT
4,G908R,natural,1,35.35757441655803,8.760411284917462,57.80557855631199,16.128098567461166,SIGNIFICANT_DRIFT
5,G908R,natural,2,29.047361649808604,10.470326090451008,55.795205395586954,8.823345193882517,SIGNIFICANT_DRIFT
6,G908R,natural,3,34.92474783283591,11.836155463422006,58.843387563015185,28.73441005151441,SIGNIFICANT_DRIFT
7,R702W,febuxostat,1,30.118666350729473,5.447310221788129,43.32265216284568,7.825056140193375,SIGNIFICANT_DRIFT
8,R702W,febuxostat,2,24.35427833222761,6.215218003995823,37.96964457817027,11.932386197277975,SIGNIFICANT_DRIFT
9,R702W,febuxostat,3,31.24825942320086,10.617597769809093,60.352050723254834,26.177477108483316,SIGNIFICANT_DRIFT
10,R702W,natural,1,29.074205109326893,10.01035182195693,56.281265802415625,22.14825162234212,SIGNIFICANT_DRIFT
11,R702W,natural,2,25.764543686851553,7.0460916857882285,48.55588859961993,14.923492306280476,SIGNIFICANT_DRIFT
12,R702W,natural,3,28.799109603009118,10.643414209134054,46.80384249404444,8.245359210030102,SIGNIFICANT_DRIFT
