sim_id,mutant,ligand,rep,mean_rmsd,std_rmsd,max_rmsd,status
1,G908R,febuxostat,1,181.46423277211085,5.427043201850267,188.10930031991248,UNSTABLE
2,G908R,febuxostat,2,174.2530427206496,21.774758503543985,188.45182327104214,UNSTABLE
3,G908R,febuxostat,3,112.222244508336,55.21637555385625,189.37711864748744,UNSTABLE
4,G908R,natural,1,155.99139520118626,29.26919382691196,192.21721584037672,UNSTABLE
5,G908R,natural,2,178.49143570147353,19.718025895015682,191.50017177050867,UNSTABLE
6,G908R,natural,3,131.12666417069798,12.721302689685087,186.05665356287102,UNSTABLE
7,R702W,febuxostat,1,132.26755130242202,13.665093841980037,186.58285379802876,UNSTABLE
8,R702W,febuxostat,2,134.45515084544132,14.52741909530287,197.00104705074955,UNSTABLE
9,R702W,febuxostat,3,172.6707094436272,23.08340236240641,190.44962059137214,UNSTABLE
10,R702W,natural,1,181.62393091365348,6.549207794665142,186.74628355512533,UNSTABLE
11,R702W,natural,2,179.3754414379829,8.280183569695124,185.62231526405319,UNSTABLE
12,R702W,natural,3,110.06631799952287,47.248149000883906,183.45533417029094,UNSTABLE
