sim_id,mutant,ligand,rep,occupancy_percent,occupied_frames,total_frames,avg_min_dist,max_min_dist,status
1,G908R,febuxostat,1,45.75,915,2000,5.326508499409529,11.320875677599634,POOR
2,G908R,febuxostat,2,100.0,2000,2000,2.240425651434374,2.8133993689009986,EXCELLENT
3,G908R,febuxostat,3,100.0,2000,2000,2.2425256826429703,2.8077848827246528,EXCELLENT
4,G908R,natural,1,100.0,2000,2000,1.83626275380094,3.1991336037415654,EXCELLENT
5,G908R,natural,2,100.0,2000,2000,2.166212398936362,3.2633561501145554,EXCELLENT
6,G908R,natural,3,100.0,2000,2000,2.2160866152098544,3.562316226786283,EXCELLENT
7,R702W,febuxostat,1,100.0,2000,2000,2.2573548048736773,2.7398343338147657,EXCELLENT
8,R702W,febuxostat,2,100.0,2000,2000,2.168630293740911,4.1317129530131,EXCELLENT
9,R702W,febuxostat,3,100.0,2000,2000,2.231992020263263,2.761916221074041,EXCELLENT
10,R702W,natural,1,100.0,2000,2000,2.168056175435948,2.7721024880857303,EXCELLENT
11,R702W,natural,2,100.0,2000,2000,2.155848511122763,2.806153747616927,EXCELLENT
12,R702W,natural,3,100.0,2000,2000,2.2163520673320907,3.0003025285736564,EXCELLENT
